Filepath,Turbidity
.//content/gdrive/MyDrive/Test1/DATA/SATURATION/0deg_LED_saturation/75.45/20220512_131903.png,75.45
.//content/gdrive/MyDrive/Test1/DATA/SATURATION/0deg_LED_saturation/156.9/20220422_144027.png,156.9
.//content/gdrive/MyDrive/Test1/DATA/SATURATION/0deg_LED_saturation/20.3/20220519_232520.png,20.3
.//content/gdrive/MyDrive/Test1/DATA/SATURATION/0deg_LED_saturation/56.4/20220517_104339.png,56.4
.//content/gdrive/MyDrive/Test1/DATA/SATURATION/0deg_LED_saturation/53.05/20220513_152757.png,53.05
.//content/gdrive/MyDrive/Test1/DATA/SATURATION/0deg_LED_saturation/28.4/20220519_190435.png,28.4
.//content/gdrive/MyDrive/Test1/DATA/SATURATION/0deg_LED_saturation/89/20220510_123147.png,89.0
.//content/gdrive/MyDrive/Test1/DATA/SATURATION/0deg_LED_saturation/67/20220512_152628.png,67.0
.//content/gdrive/MyDrive/Test1/DATA/SATURATION/0deg_LED_saturation/98/20220427_133229.png,98.0
.//content/gdrive/MyDrive/Test1/DATA/SATURATION/0deg_LED_saturation/127.9/20220426_133058.png,127.9
.//content/gdrive/MyDrive/Test1/DATA/SATURATION/0deg_LED_saturation/30.9/20220519_164135.png,30.9
.//content/gdrive/MyDrive/Test1/DATA/SATURATION/0deg_LED_saturation/14.1/20220520_014707.png,14.1
.//content/gdrive/MyDrive/Test1/DATA/SATURATION/0deg_LED_saturation/105/20220427_114057.png,105.0
.//content/gdrive/MyDrive/Test1/DATA/SATURATION/0deg_LED_saturation/92.3/20220427_151454.png,92.3
.//content/gdrive/MyDrive/Test1/DATA/SATURATION/0deg_LED_saturation/57.3/20220513_131850.png,57.3
.//content/gdrive/MyDrive/Test1/DATA/SATURATION/0deg_LED_saturation/190.9/20220421_121124.png,190.9
.//content/gdrive/MyDrive/Test1/DATA/SATURATION/0deg_LED_saturation/112.5/20220427_100626.png,112.5
.//content/gdrive/MyDrive/Test1/DATA/SATURATION/0deg_LED_saturation/71/20220512_142755.png,71.0
.//content/gdrive/MyDrive/Test1/DATA/SATURATION/0deg_LED_saturation/38.5/20220519_104802.png,38.5
.//content/gdrive/MyDrive/Test1/DATA/SATURATION/0deg_LED_saturation/154.2/20220422_150534.png,154.2
.//content/gdrive/MyDrive/Test1/DATA/SATURATION/0deg_LED_saturation/11.2/20220520_024957.png,11.2
.//content/gdrive/MyDrive/Test1/DATA/SATURATION/0deg_LED_saturation/85.1/20220510_133014.png,85.1
.//content/gdrive/MyDrive/Test1/DATA/SATURATION/0deg_LED_saturation/160.1/20220422_135829.png,160.1
.//content/gdrive/MyDrive/Test1/DATA/SATURATION/0deg_LED_saturation/146.05/20220425_114747.png,146.05
.//content/gdrive/MyDrive/Test1/DATA/SATURATION/0deg_LED_saturation/93.4/20220427_145513.png,93.4
.//content/gdrive/MyDrive/Test1/DATA/SATURATION/0deg_LED_saturation/24.85/20220519_214643.png,24.85
.//content/gdrive/MyDrive/Test1/DATA/SATURATION/0deg_LED_saturation/32.1/20220519_143221.png,32.1
.//content/gdrive/MyDrive/Test1/DATA/SATURATION/0deg_LED_saturation/81.85/20220512_103935.png,81.85
.//content/gdrive/MyDrive/Test1/DATA/SATURATION/0deg_LED_saturation/18.8/20220520_010944.png,18.8
.//content/gdrive/MyDrive/Test1/DATA/SATURATION/0deg_LED_saturation/22.2/20220519_230633.png,22.2
.//content/gdrive/MyDrive/Test1/DATA/SATURATION/0deg_LED_saturation/58.8/20220513_135510.png,58.8
.//content/gdrive/MyDrive/Test1/DATA/SATURATION/0deg_LED_saturation/16.2/20220520_013548.png,16.2
.//content/gdrive/MyDrive/Test1/DATA/SATURATION/0deg_LED_saturation/167/20220422_104159.png,167.0
.//content/gdrive/MyDrive/Test1/DATA/SATURATION/0deg_LED_saturation/22.2/20220519_230702.png,22.2
.//content/gdrive/MyDrive/Test1/DATA/SATURATION/0deg_LED_saturation/190.2/20220421_123348.png,190.2
.//content/gdrive/MyDrive/Test1/DATA/SATURATION/0deg_LED_saturation/61.3/20220513_105402.png,61.3
.//content/gdrive/MyDrive/Test1/DATA/SATURATION/0deg_LED_saturation/75.45/20220512_131853.png,75.45
.//content/gdrive/MyDrive/Test1/DATA/SATURATION/0deg_LED_saturation/143.9/20220425_120220.png,143.9
.//content/gdrive/MyDrive/Test1/DATA/SATURATION/0deg_LED_saturation/197.5/20220421_110526.png,197.5
.//content/gdrive/MyDrive/Test1/DATA/SATURATION/0deg_LED_saturation/38.5/20220519_104821.png,38.5
.//content/gdrive/MyDrive/Test1/DATA/SATURATION/0deg_LED_saturation/50.3/20220517_112638.png,50.3
.//content/gdrive/MyDrive/Test1/DATA/SATURATION/0deg_LED_saturation/73.3/20220512_133836.png,73.3
.//content/gdrive/MyDrive/Test1/DATA/SATURATION/0deg_LED_saturation/122.3/20220426_142604.png,122.3
.//content/gdrive/MyDrive/Test1/DATA/SATURATION/0deg_LED_saturation/171.8/20220422_100929.png,171.8
.//content/gdrive/MyDrive/Test1/DATA/SATURATION/0deg_LED_saturation/87/20220510_130324.png,87.0
.//content/gdrive/MyDrive/Test1/DATA/SATURATION/0deg_LED_saturation/142.6/20220425_125127.png,142.6
.//content/gdrive/MyDrive/Test1/DATA/SATURATION/0deg_LED_saturation/95.9/20220427_140556.png,95.9
.//content/gdrive/MyDrive/Test1/DATA/SATURATION/0deg_LED_saturation/75.45/20220512_131843.png,75.45
.//content/gdrive/MyDrive/Test1/DATA/SATURATION/0deg_LED_saturation/183.2/20220421_134213.png,183.2
.//content/gdrive/MyDrive/Test1/DATA/SATURATION/0deg_LED_saturation/53.05/20220513_152733.png,53.05
.//content/gdrive/MyDrive/Test1/DATA/SATURATION/0deg_LED_saturation/152/20220422_151819.png,152.0
.//content/gdrive/MyDrive/Test1/DATA/SATURATION/0deg_LED_saturation/119.7/20220426_145711.png,119.7
.//content/gdrive/MyDrive/Test1/DATA/SATURATION/0deg_LED_saturation/178.8/20220421_145524.png,178.8
.//content/gdrive/MyDrive/Test1/DATA/SATURATION/0deg_LED_saturation/61/20220513_110901.png,61.0
.//content/gdrive/MyDrive/Test1/DATA/SATURATION/0deg_LED_saturation/37.4/20220519_121852.png,37.4
.//content/gdrive/MyDrive/Test1/DATA/SATURATION/0deg_LED_saturation/119.85/20220426_144050.png,119.85
.//content/gdrive/MyDrive/Test1/DATA/SATURATION/0deg_LED_saturation/16.2/20220520_013528.png,16.2
.//content/gdrive/MyDrive/Test1/DATA/SATURATION/0deg_LED_saturation/64.8/20220513_100326.png,64.8
.//content/gdrive/MyDrive/Test1/DATA/SATURATION/0deg_LED_saturation/33.4/20220519_150439.png,33.4
.//content/gdrive/MyDrive/Test1/DATA/SATURATION/0deg_LED_saturation/126.3/20220426_134555.png,126.3
.//content/gdrive/MyDrive/Test1/DATA/SATURATION/0deg_LED_saturation/182.7/20220421_140116.png,182.7
.//content/gdrive/MyDrive/Test1/DATA/SATURATION/0deg_LED_saturation/137.95/20220425_140124.png,137.95
.//content/gdrive/MyDrive/Test1/DATA/SATURATION/0deg_LED_saturation/141.45/20220425_130402.png,141.45
.//content/gdrive/MyDrive/Test1/DATA/SATURATION/0deg_LED_saturation/50.3/20220517_112646.png,50.3
.//content/gdrive/MyDrive/Test1/DATA/SATURATION/0deg_LED_saturation/112.5/20220427_100515.png,112.5
.//content/gdrive/MyDrive/Test1/DATA/SATURATION/0deg_LED_saturation/26.7/20220519_195416.png,26.7
.//content/gdrive/MyDrive/Test1/DATA/SATURATION/0deg_LED_saturation/56.4/20220517_104313.png,56.4
.//content/gdrive/MyDrive/Test1/DATA/SATURATION/0deg_LED_saturation/46.6/20220517_142643.png,46.6
.//content/gdrive/MyDrive/Test1/DATA/SATURATION/0deg_LED_saturation/12.95/20220520_021655.png,12.95
.//content/gdrive/MyDrive/Test1/DATA/SATURATION/0deg_LED_saturation/10.25/20220520_030149.png,10.25
.//content/gdrive/MyDrive/Test1/DATA/SATURATION/0deg_LED_saturation/127.9/20220426_133111.png,127.9
.//content/gdrive/MyDrive/Test1/DATA/SATURATION/0deg_LED_saturation/58.8/20220513_135616.png,58.8
.//content/gdrive/MyDrive/Test1/DATA/SATURATION/0deg_LED_saturation/92.3/20220427_151440.png,92.3
.//content/gdrive/MyDrive/Test1/DATA/SATURATION/0deg_LED_saturation/182.7/20220421_140128.png,182.7
.//content/gdrive/MyDrive/Test1/DATA/SATURATION/0deg_LED_saturation/30.9/20220519_164126.png,30.9
.//content/gdrive/MyDrive/Test1/DATA/SATURATION/0deg_LED_saturation/110.5/20220427_102039.png,110.5
.//content/gdrive/MyDrive/Test1/DATA/SATURATION/0deg_LED_saturation/47.5/20220517_141458.png,47.5
.//content/gdrive/MyDrive/Test1/DATA/SATURATION/0deg_LED_saturation/134/20220425_143653.png,134.0
.//content/gdrive/MyDrive/Test1/DATA/SATURATION/0deg_LED_saturation/113.3/20220427_095345.png,113.3
.//content/gdrive/MyDrive/Test1/DATA/SATURATION/0deg_LED_saturation/174.1/20220421_154424.png,174.1
.//content/gdrive/MyDrive/Test1/DATA/SATURATION/0deg_LED_saturation/152/20220422_151807.png,152.0
.//content/gdrive/MyDrive/Test1/DATA/SATURATION/0deg_LED_saturation/93.4/20220427_145520.png,93.4
.//content/gdrive/MyDrive/Test1/DATA/SATURATION/0deg_LED_saturation/93.4/20220427_145506.png,93.4
.//content/gdrive/MyDrive/Test1/DATA/SATURATION/0deg_LED_saturation/0/20220520_055957.png,0.0
.//content/gdrive/MyDrive/Test1/DATA/SATURATION/0deg_LED_saturation/53.05/20220513_152742.png,53.05
.//content/gdrive/MyDrive/Test1/DATA/SATURATION/0deg_LED_saturation/99.9/20220427_132207.png,99.9
.//content/gdrive/MyDrive/Test1/DATA/SATURATION/0deg_LED_saturation/32.1/20220519_143141.png,32.1
.//content/gdrive/MyDrive/Test1/DATA/SATURATION/0deg_LED_saturation/36/20220519_135109.png,36.0
.//content/gdrive/MyDrive/Test1/DATA/SATURATION/0deg_LED_saturation/39.4/20220519_114713.png,39.4
.//content/gdrive/MyDrive/Test1/DATA/SATURATION/0deg_LED_saturation/109/20220427_104112.png,109.0
.//content/gdrive/MyDrive/Test1/DATA/SATURATION/0deg_LED_saturation/67.75/20220512_135818.png,67.75
.//content/gdrive/MyDrive/Test1/DATA/SATURATION/0deg_LED_saturation/130.6/20220425_151844.png,130.6
.//content/gdrive/MyDrive/Test1/DATA/SATURATION/0deg_LED_saturation/177.5/20220421_150831.png,177.5
.//content/gdrive/MyDrive/Test1/DATA/SATURATION/0deg_LED_saturation/45.35/20220517_143352.png,45.35
.//content/gdrive/MyDrive/Test1/DATA/SATURATION/0deg_LED_saturation/123.9/20220426_141546.png,123.9
.//content/gdrive/MyDrive/Test1/DATA/SATURATION/0deg_LED_saturation/40.5/20220517_153025.png,40.5
.//content/gdrive/MyDrive/Test1/DATA/SATURATION/0deg_LED_saturation/162.2/20220422_113203.png,162.2
.//content/gdrive/MyDrive/Test1/DATA/SATURATION/0deg_LED_saturation/24.85/20220519_214658.png,24.85
.//content/gdrive/MyDrive/Test1/DATA/SATURATION/0deg_LED_saturation/163.3/20220422_111421.png,163.3
.//content/gdrive/MyDrive/Test1/DATA/SATURATION/0deg_LED_saturation/193.4/20220421_114749.png,193.4
.//content/gdrive/MyDrive/Test1/DATA/SATURATION/0deg_LED_saturation/76.95/20220512_124734.png,76.95
.//content/gdrive/MyDrive/Test1/DATA/SATURATION/0deg_LED_saturation/84.7/20220510_135927.png,84.7
.//content/gdrive/MyDrive/Test1/DATA/SATURATION/0deg_LED_saturation/192.1/20220421_115921.png,192.1
.//content/gdrive/MyDrive/Test1/DATA/SATURATION/0deg_LED_saturation/57.8/20220513_140553.png,57.8
.//content/gdrive/MyDrive/Test1/DATA/SATURATION/0deg_LED_saturation/2.6/20220520_074757.png,2.6
.//content/gdrive/MyDrive/Test1/DATA/SATURATION/0deg_LED_saturation/92.3/20220427_151502.png,92.3
.//content/gdrive/MyDrive/Test1/DATA/SATURATION/0deg_LED_saturation/137.95/20220425_140143.png,137.95
.//content/gdrive/MyDrive/Test1/DATA/SATURATION/0deg_LED_saturation/168/20220422_103133.png,168.0
.//content/gdrive/MyDrive/Test1/DATA/SATURATION/0deg_LED_saturation/79.9/20220512_114346.png,79.9
.//content/gdrive/MyDrive/Test1/DATA/SATURATION/0deg_LED_saturation/105/20220427_114047.png,105.0
.//content/gdrive/MyDrive/Test1/DATA/SATURATION/0deg_LED_saturation/183.2/20220421_134204.png,183.2
.//content/gdrive/MyDrive/Test1/DATA/SATURATION/0deg_LED_saturation/104.3/20220427_115707.png,104.3
.//content/gdrive/MyDrive/Test1/DATA/SATURATION/0deg_LED_saturation/190.2/20220421_123341.png,190.2
.//content/gdrive/MyDrive/Test1/DATA/SATURATION/0deg_LED_saturation/113.3/20220427_095335.png,113.3
.//content/gdrive/MyDrive/Test1/DATA/SATURATION/0deg_LED_saturation/12.05/20220520_023932.png,12.05
.//content/gdrive/MyDrive/Test1/DATA/SATURATION/0deg_LED_saturation/74.45/20220512_132813.png,74.45
.//content/gdrive/MyDrive/Test1/DATA/SATURATION/0deg_LED_saturation/134/20220425_143628.png,134.0
.//content/gdrive/MyDrive/Test1/DATA/SATURATION/0deg_LED_saturation/50.3/20220517_112653.png,50.3
.//content/gdrive/MyDrive/Test1/DATA/SATURATION/0deg_LED_saturation/68.3/20220512_151902.png,68.3
.//content/gdrive/MyDrive/Test1/DATA/SATURATION/0deg_LED_saturation/30.9/20220519_164150.png,30.9
.//content/gdrive/MyDrive/Test1/DATA/SATURATION/0deg_LED_saturation/156.9/20220422_144044.png,156.9
.//content/gdrive/MyDrive/Test1/DATA/SATURATION/0deg_LED_saturation/109/20220427_104146.png,109.0
.//content/gdrive/MyDrive/Test1/DATA/SATURATION/0deg_LED_saturation/196.5/20220421_112349.png,196.5
.//content/gdrive/MyDrive/Test1/DATA/SATURATION/0deg_LED_saturation/127.9/20220426_133024.png,127.9
.//content/gdrive/MyDrive/Test1/DATA/SATURATION/0deg_LED_saturation/84.7/20220510_135844.png,84.7
.//content/gdrive/MyDrive/Test1/DATA/SATURATION/0deg_LED_saturation/105/20220427_114121.png,105.0
.//content/gdrive/MyDrive/Test1/DATA/SATURATION/0deg_LED_saturation/74.45/20220512_132752.png,74.45
.//content/gdrive/MyDrive/Test1/DATA/SATURATION/0deg_LED_saturation/193.4/20220421_114813.png,193.4
.//content/gdrive/MyDrive/Test1/DATA/SATURATION/0deg_LED_saturation/87/20220510_130334.png,87.0
.//content/gdrive/MyDrive/Test1/DATA/SATURATION/0deg_LED_saturation/190.9/20220421_121132.png,190.9
.//content/gdrive/MyDrive/Test1/DATA/SATURATION/0deg_LED_saturation/126.3/20220426_134545.png,126.3
.//content/gdrive/MyDrive/Test1/DATA/SATURATION/0deg_LED_saturation/80.7/20220510_152346.png,80.7
.//content/gdrive/MyDrive/Test1/DATA/SATURATION/0deg_LED_saturation/113.3/20220427_095325.png,113.3
.//content/gdrive/MyDrive/Test1/DATA/SATURATION/0deg_LED_saturation/195.5/20220421_113509.png,195.5
.//content/gdrive/MyDrive/Test1/DATA/SATURATION/0deg_LED_saturation/114.7/20220426_153814.png,114.7
.//content/gdrive/MyDrive/Test1/DATA/SATURATION/0deg_LED_saturation/52.1/20220513_154503.png,52.1
.//content/gdrive/MyDrive/Test1/DATA/SATURATION/0deg_LED_saturation/179.3/20220421_144215.png,179.3
.//content/gdrive/MyDrive/Test1/DATA/SATURATION/0deg_LED_saturation/124.65/20220426_140417.png,124.65
.//content/gdrive/MyDrive/Test1/DATA/SATURATION/0deg_LED_saturation/66.25/20220512_153400.png,66.25
.//content/gdrive/MyDrive/Test1/DATA/SATURATION/0deg_LED_saturation/99.9/20220427_132253.png,99.9
.//content/gdrive/MyDrive/Test1/DATA/SATURATION/0deg_LED_saturation/119.7/20220426_145703.png,119.7
.//content/gdrive/MyDrive/Test1/DATA/SATURATION/0deg_LED_saturation/147/20220425_113434.png,147.0
.//content/gdrive/MyDrive/Test1/DATA/SATURATION/0deg_LED_saturation/24.4/20220519_205132.png,24.4
.//content/gdrive/MyDrive/Test1/DATA/SATURATION/0deg_LED_saturation/1.05/20220520_084314.png,1.05
.//content/gdrive/MyDrive/Test1/DATA/SATURATION/0deg_LED_saturation/104.3/20220427_115641.png,104.3
.//content/gdrive/MyDrive/Test1/DATA/SATURATION/0deg_LED_saturation/91.3/20220427_152743.png,91.3
.//content/gdrive/MyDrive/Test1/DATA/SATURATION/0deg_LED_saturation/139.1/20220425_134432.png,139.1
.//content/gdrive/MyDrive/Test1/DATA/SATURATION/0deg_LED_saturation/67.75/20220512_135808.png,67.75
.//content/gdrive/MyDrive/Test1/DATA/SATURATION/0deg_LED_saturation/134/20220425_143638.png,134.0
.//content/gdrive/MyDrive/Test1/DATA/SATURATION/0deg_LED_saturation/94.2/20220427_143047.png,94.2
.//content/gdrive/MyDrive/Test1/DATA/SATURATION/0deg_LED_saturation/10.25/20220520_030140.png,10.25
.//content/gdrive/MyDrive/Test1/DATA/SATURATION/0deg_LED_saturation/164.4/20220422_110231.png,164.4
.//content/gdrive/MyDrive/Test1/DATA/SATURATION/0deg_LED_saturation/55.7/20220513_142044.png,55.7
.//content/gdrive/MyDrive/Test1/DATA/SATURATION/0deg_LED_saturation/0/20220520_055934.png,0.0
.//content/gdrive/MyDrive/Test1/DATA/SATURATION/0deg_LED_saturation/0/20220520_060014.png,0.0
.//content/gdrive/MyDrive/Test1/DATA/SATURATION/0deg_LED_saturation/119.7/20220426_145646.png,119.7
.//content/gdrive/MyDrive/Test1/DATA/SATURATION/0deg_LED_saturation/161.65/20220422_132553.png,161.65
.//content/gdrive/MyDrive/Test1/DATA/SATURATION/0deg_LED_saturation/48.95/20220517_114831.png,48.95
.//content/gdrive/MyDrive/Test1/DATA/SATURATION/0deg_LED_saturation/6.2/20220520_072338.png,6.2
.//content/gdrive/MyDrive/Test1/DATA/SATURATION/0deg_LED_saturation/39.4/20220519_114700.png,39.4
.//content/gdrive/MyDrive/Test1/DATA/SATURATION/0deg_LED_saturation/118/20220426_151322.png,118.0
.//content/gdrive/MyDrive/Test1/DATA/SATURATION/0deg_LED_saturation/26.7/20220519_195347.png,26.7
.//content/gdrive/MyDrive/Test1/DATA/SATURATION/0deg_LED_saturation/182.7/20220421_140135.png,182.7
.//content/gdrive/MyDrive/Test1/DATA/SATURATION/0deg_LED_saturation/188.1/20220421_124319.png,188.1
.//content/gdrive/MyDrive/Test1/DATA/SATURATION/0deg_LED_saturation/197.5/20220421_110542.png,197.5
.//content/gdrive/MyDrive/Test1/DATA/SATURATION/0deg_LED_saturation/142.6/20220425_125149.png,142.6
.//content/gdrive/MyDrive/Test1/DATA/SATURATION/0deg_LED_saturation/12.05/20220520_023924.png,12.05
.//content/gdrive/MyDrive/Test1/DATA/SATURATION/0deg_LED_saturation/141.45/20220425_130419.png,141.45
.//content/gdrive/MyDrive/Test1/DATA/SATURATION/0deg_LED_saturation/140.3/20220425_132747.png,140.3
.//content/gdrive/MyDrive/Test1/DATA/SATURATION/0deg_LED_saturation/140.3/20220425_132754.png,140.3
.//content/gdrive/MyDrive/Test1/DATA/SATURATION/0deg_LED_saturation/171.8/20220422_100941.png,171.8
.//content/gdrive/MyDrive/Test1/DATA/SATURATION/0deg_LED_saturation/43/20220517_150648.png,43.0
.//content/gdrive/MyDrive/Test1/DATA/SATURATION/0deg_LED_saturation/53.8/20220517_110314.png,53.8
.//content/gdrive/MyDrive/Test1/DATA/SATURATION/0deg_LED_saturation/18.8/20220520_010951.png,18.8
.//content/gdrive/MyDrive/Test1/DATA/SATURATION/0deg_LED_saturation/167/20220422_104146.png,167.0
.//content/gdrive/MyDrive/Test1/DATA/SATURATION/0deg_LED_saturation/7.2/20220520_070446.png,7.2
.//content/gdrive/MyDrive/Test1/DATA/SATURATION/0deg_LED_saturation/34.7/20220519_140354.png,34.7
.//content/gdrive/MyDrive/Test1/DATA/SATURATION/0deg_LED_saturation/1.05/20220520_084244.png,1.05
.//content/gdrive/MyDrive/Test1/DATA/SATURATION/0deg_LED_saturation/11.2/20220520_025025.png,11.2
.//content/gdrive/MyDrive/Test1/DATA/SATURATION/0deg_LED_saturation/103.2/20220427_124313.png,103.2
.//content/gdrive/MyDrive/Test1/DATA/SATURATION/0deg_LED_saturation/71/20220512_142802.png,71.0
.//content/gdrive/MyDrive/Test1/DATA/SATURATION/0deg_LED_saturation/124.65/20220426_140407.png,124.65
.//content/gdrive/MyDrive/Test1/DATA/SATURATION/0deg_LED_saturation/121.25/20220426_130543.png,121.25
.//content/gdrive/MyDrive/Test1/DATA/SATURATION/0deg_LED_saturation/76.35/20220512_130425.png,76.35
.//content/gdrive/MyDrive/Test1/DATA/SATURATION/0deg_LED_saturation/134/20220425_143705.png,134.0
.//content/gdrive/MyDrive/Test1/DATA/SATURATION/0deg_LED_saturation/133.2/20220425_144646.png,133.2
.//content/gdrive/MyDrive/Test1/DATA/SATURATION/0deg_LED_saturation/177.5/20220421_150839.png,177.5
.//content/gdrive/MyDrive/Test1/DATA/SATURATION/0deg_LED_saturation/76.35/20220512_130455.png,76.35
.//content/gdrive/MyDrive/Test1/DATA/SATURATION/0deg_LED_saturation/171.8/20220422_100958.png,171.8
.//content/gdrive/MyDrive/Test1/DATA/SATURATION/0deg_LED_saturation/162.2/20220422_113247.png,162.2
.//content/gdrive/MyDrive/Test1/DATA/SATURATION/0deg_LED_saturation/103.2/20220427_124251.png,103.2
.//content/gdrive/MyDrive/Test1/DATA/SATURATION/0deg_LED_saturation/121.25/20220426_130601.png,121.25
.//content/gdrive/MyDrive/Test1/DATA/SATURATION/0deg_LED_saturation/154.2/20220422_150523.png,154.2
.//content/gdrive/MyDrive/Test1/DATA/SATURATION/0deg_LED_saturation/192.1/20220421_115850.png,192.1
.//content/gdrive/MyDrive/Test1/DATA/SATURATION/0deg_LED_saturation/45.35/20220517_143426.png,45.35
.//content/gdrive/MyDrive/Test1/DATA/SATURATION/0deg_LED_saturation/29.6/20220519_161155.png,29.6
.//content/gdrive/MyDrive/Test1/DATA/SATURATION/0deg_LED_saturation/107.6/20220427_110153.png,107.6
.//content/gdrive/MyDrive/Test1/DATA/SATURATION/0deg_LED_saturation/79.9/20220512_114419.png,79.9
.//content/gdrive/MyDrive/Test1/DATA/SATURATION/0deg_LED_saturation/85.1/20220510_132948.png,85.1
.//content/gdrive/MyDrive/Test1/DATA/SATURATION/0deg_LED_saturation/3.65/20220520_082708.png,3.65
.//content/gdrive/MyDrive/Test1/DATA/SATURATION/0deg_LED_saturation/20.3/20220519_232501.png,20.3
.//content/gdrive/MyDrive/Test1/DATA/SATURATION/0deg_LED_saturation/161.65/20220422_132541.png,161.65
.//content/gdrive/MyDrive/Test1/DATA/SATURATION/0deg_LED_saturation/78.6/20220512_115152.png,78.6
.//content/gdrive/MyDrive/Test1/DATA/SATURATION/0deg_LED_saturation/57.3/20220513_131903.png,57.3
.//content/gdrive/MyDrive/Test1/DATA/SATURATION/0deg_LED_saturation/118/20220426_151407.png,118.0
.//content/gdrive/MyDrive/Test1/DATA/SATURATION/0deg_LED_saturation/16.2/20220520_013606.png,16.2
.//content/gdrive/MyDrive/Test1/DATA/SATURATION/0deg_LED_saturation/154.2/20220422_150452.png,154.2
.//content/gdrive/MyDrive/Test1/DATA/SATURATION/0deg_LED_saturation/152/20220422_151749.png,152.0
.//content/gdrive/MyDrive/Test1/DATA/SATURATION/0deg_LED_saturation/57.8/20220513_140601.png,57.8
.//content/gdrive/MyDrive/Test1/DATA/SATURATION/0deg_LED_saturation/51.15/20220517_111527.png,51.15
.//content/gdrive/MyDrive/Test1/DATA/SATURATION/0deg_LED_saturation/56.4/20220517_104345.png,56.4
.//content/gdrive/MyDrive/Test1/DATA/SATURATION/0deg_LED_saturation/147/20220425_113444.png,147.0
.//content/gdrive/MyDrive/Test1/DATA/SATURATION/0deg_LED_saturation/112.5/20220427_100558.png,112.5
.//content/gdrive/MyDrive/Test1/DATA/SATURATION/0deg_LED_saturation/12.95/20220520_021646.png,12.95
.//content/gdrive/MyDrive/Test1/DATA/SATURATION/0deg_LED_saturation/181.4/20220421_142742.png,181.4
.//content/gdrive/MyDrive/Test1/DATA/SATURATION/0deg_LED_saturation/53.8/20220517_110340.png,53.8
.//content/gdrive/MyDrive/Test1/DATA/SATURATION/0deg_LED_saturation/7.2/20220520_070439.png,7.2
.//content/gdrive/MyDrive/Test1/DATA/SATURATION/0deg_LED_saturation/156.9/20220422_144015.png,156.9
.//content/gdrive/MyDrive/Test1/DATA/SATURATION/0deg_LED_saturation/105/20220427_114112.png,105.0
.//content/gdrive/MyDrive/Test1/DATA/SATURATION/0deg_LED_saturation/84.7/20220510_135827.png,84.7
.//content/gdrive/MyDrive/Test1/DATA/SATURATION/0deg_LED_saturation/20.3/20220519_232512.png,20.3
.//content/gdrive/MyDrive/Test1/DATA/SATURATION/0deg_LED_saturation/46.6/20220517_142652.png,46.6
.//content/gdrive/MyDrive/Test1/DATA/SATURATION/0deg_LED_saturation/38.5/20220519_104830.png,38.5
.//content/gdrive/MyDrive/Test1/DATA/SATURATION/0deg_LED_saturation/122.3/20220426_142535.png,122.3
.//content/gdrive/MyDrive/Test1/DATA/SATURATION/0deg_LED_saturation/88.4/20220510_124907.png,88.4
.//content/gdrive/MyDrive/Test1/DATA/SATURATION/0deg_LED_saturation/188.1/20220421_124344.png,188.1
.//content/gdrive/MyDrive/Test1/DATA/SATURATION/0deg_LED_saturation/88.4/20220510_124838.png,88.4
.//content/gdrive/MyDrive/Test1/DATA/SATURATION/0deg_LED_saturation/39.4/20220519_114738.png,39.4
.//content/gdrive/MyDrive/Test1/DATA/SATURATION/0deg_LED_saturation/130.2/20220425_152629.png,130.2
.//content/gdrive/MyDrive/Test1/DATA/SATURATION/0deg_LED_saturation/118/20220426_151331.png,118.0
.//content/gdrive/MyDrive/Test1/DATA/SATURATION/0deg_LED_saturation/83.25/20220510_144149.png,83.25
.//content/gdrive/MyDrive/Test1/DATA/SATURATION/0deg_LED_saturation/143.9/20220425_120259.png,143.9
.//content/gdrive/MyDrive/Test1/DATA/SATURATION/0deg_LED_saturation/161.1/20220422_134242.png,161.1
.//content/gdrive/MyDrive/Test1/DATA/SATURATION/0deg_LED_saturation/99.9/20220427_132239.png,99.9
.//content/gdrive/MyDrive/Test1/DATA/SATURATION/0deg_LED_saturation/168/20220422_103052.png,168.0
.//content/gdrive/MyDrive/Test1/DATA/SATURATION/0deg_LED_saturation/26.7/20220519_195355.png,26.7
.//content/gdrive/MyDrive/Test1/DATA/SATURATION/0deg_LED_saturation/23.5/20220519_221035.png,23.5
.//content/gdrive/MyDrive/Test1/DATA/SATURATION/0deg_LED_saturation/76.35/20220512_130438.png,76.35
.//content/gdrive/MyDrive/Test1/DATA/SATURATION/0deg_LED_saturation/57.3/20220513_131911.png,57.3
.//content/gdrive/MyDrive/Test1/DATA/SATURATION/0deg_LED_saturation/7.2/20220520_070416.png,7.2
.//content/gdrive/MyDrive/Test1/DATA/SATURATION/0deg_LED_saturation/123.9/20220426_141554.png,123.9
.//content/gdrive/MyDrive/Test1/DATA/SATURATION/0deg_LED_saturation/193.4/20220421_114725.png,193.4
.//content/gdrive/MyDrive/Test1/DATA/SATURATION/0deg_LED_saturation/55.7/20220513_142020.png,55.7
.//content/gdrive/MyDrive/Test1/DATA/SATURATION/0deg_LED_saturation/45.35/20220517_143401.png,45.35
.//content/gdrive/MyDrive/Test1/DATA/SATURATION/0deg_LED_saturation/63.6/20220513_101651.png,63.6
.//content/gdrive/MyDrive/Test1/DATA/SATURATION/0deg_LED_saturation/181.4/20220421_142752.png,181.4
.//content/gdrive/MyDrive/Test1/DATA/SATURATION/0deg_LED_saturation/36/20220519_135024.png,36.0
.//content/gdrive/MyDrive/Test1/DATA/SATURATION/0deg_LED_saturation/163.3/20220422_111407.png,163.3
.//content/gdrive/MyDrive/Test1/DATA/SATURATION/0deg_LED_saturation/135.7/20220425_142419.png,135.7
.//content/gdrive/MyDrive/Test1/DATA/SATURATION/0deg_LED_saturation/18.8/20220520_010831.png,18.8
.//content/gdrive/MyDrive/Test1/DATA/SATURATION/0deg_LED_saturation/122.3/20220426_142623.png,122.3
.//content/gdrive/MyDrive/Test1/DATA/SATURATION/0deg_LED_saturation/107.6/20220427_110119.png,107.6
.//content/gdrive/MyDrive/Test1/DATA/SATURATION/0deg_LED_saturation/61/20220513_110942.png,61.0
.//content/gdrive/MyDrive/Test1/DATA/SATURATION/0deg_LED_saturation/99.9/20220427_132215.png,99.9
.//content/gdrive/MyDrive/Test1/DATA/SATURATION/0deg_LED_saturation/5.1/20220520_080813.png,5.1
.//content/gdrive/MyDrive/Test1/DATA/SATURATION/0deg_LED_saturation/80.7/20220510_152337.png,80.7
.//content/gdrive/MyDrive/Test1/DATA/SATURATION/0deg_LED_saturation/0/20220520_060007.png,0.0
.//content/gdrive/MyDrive/Test1/DATA/SATURATION/0deg_LED_saturation/92.3/20220427_151517.png,92.3
.//content/gdrive/MyDrive/Test1/DATA/SATURATION/0deg_LED_saturation/154.2/20220422_145609.png,154.2
.//content/gdrive/MyDrive/Test1/DATA/SATURATION/0deg_LED_saturation/30.9/20220519_164142.png,30.9
.//content/gdrive/MyDrive/Test1/DATA/SATURATION/0deg_LED_saturation/147.85/20220425_110654.png,147.85
.//content/gdrive/MyDrive/Test1/DATA/SATURATION/0deg_LED_saturation/16.9/20220519_201516.png,16.9
.//content/gdrive/MyDrive/Test1/DATA/SATURATION/0deg_LED_saturation/93.4/20220427_145529.png,93.4
.//content/gdrive/MyDrive/Test1/DATA/SATURATION/0deg_LED_saturation/63.6/20220513_101737.png,63.6
.//content/gdrive/MyDrive/Test1/DATA/SATURATION/0deg_LED_saturation/5.1/20220520_080825.png,5.1
.//content/gdrive/MyDrive/Test1/DATA/SATURATION/0deg_LED_saturation/193.4/20220421_114736.png,193.4
.//content/gdrive/MyDrive/Test1/DATA/SATURATION/0deg_LED_saturation/137.95/20220425_140133.png,137.95
.//content/gdrive/MyDrive/Test1/DATA/SATURATION/0deg_LED_saturation/37.4/20220519_121902.png,37.4
.//content/gdrive/MyDrive/Test1/DATA/SATURATION/0deg_LED_saturation/14.1/20220520_014652.png,14.1
.//content/gdrive/MyDrive/Test1/DATA/SATURATION/0deg_LED_saturation/195.5/20220421_113501.png,195.5
.//content/gdrive/MyDrive/Test1/DATA/SATURATION/0deg_LED_saturation/196.5/20220421_112402.png,196.5
.//content/gdrive/MyDrive/Test1/DATA/SATURATION/0deg_LED_saturation/67/20220512_152637.png,67.0
.//content/gdrive/MyDrive/Test1/DATA/SATURATION/0deg_LED_saturation/56.4/20220517_104352.png,56.4
.//content/gdrive/MyDrive/Test1/DATA/SATURATION/0deg_LED_saturation/197.5/20220421_110621.png,197.5
.//content/gdrive/MyDrive/Test1/DATA/SATURATION/0deg_LED_saturation/116.1/20220426_152955.png,116.1
.//content/gdrive/MyDrive/Test1/DATA/SATURATION/0deg_LED_saturation/130.6/20220425_151859.png,130.6
.//content/gdrive/MyDrive/Test1/DATA/SATURATION/0deg_LED_saturation/32.1/20220519_143212.png,32.1
.//content/gdrive/MyDrive/Test1/DATA/SATURATION/0deg_LED_saturation/54.85/20220513_144311.png,54.85
.//content/gdrive/MyDrive/Test1/DATA/SATURATION/0deg_LED_saturation/168/20220422_103118.png,168.0
.//content/gdrive/MyDrive/Test1/DATA/SATURATION/0deg_LED_saturation/32.1/20220519_143127.png,32.1
.//content/gdrive/MyDrive/Test1/DATA/SATURATION/0deg_LED_saturation/2.6/20220520_074654.png,2.6
.//content/gdrive/MyDrive/Test1/DATA/SATURATION/0deg_LED_saturation/113.3/20220427_095353.png,113.3
.//content/gdrive/MyDrive/Test1/DATA/SATURATION/0deg_LED_saturation/57.3/20220513_131837.png,57.3
.//content/gdrive/MyDrive/Test1/DATA/SATURATION/0deg_LED_saturation/186/20220421_125953.png,186.0
.//content/gdrive/MyDrive/Test1/DATA/SATURATION/0deg_LED_saturation/121.25/20220426_131043.png,121.25
.//content/gdrive/MyDrive/Test1/DATA/SATURATION/0deg_LED_saturation/152/20220422_151739.png,152.0
.//content/gdrive/MyDrive/Test1/DATA/SATURATION/0deg_LED_saturation/20.3/20220519_232527.png,20.3
.//content/gdrive/MyDrive/Test1/DATA/SATURATION/0deg_LED_saturation/79.9/20220512_114412.png,79.9
.//content/gdrive/MyDrive/Test1/DATA/SATURATION/0deg_LED_saturation/95.9/20220427_140616.png,95.9
.//content/gdrive/MyDrive/Test1/DATA/SATURATION/0deg_LED_saturation/1.05/20220520_084252.png,1.05
.//content/gdrive/MyDrive/Test1/DATA/SATURATION/0deg_LED_saturation/54.85/20220513_144302.png,54.85
.//content/gdrive/MyDrive/Test1/DATA/SATURATION/0deg_LED_saturation/130.2/20220425_152649.png,130.2
.//content/gdrive/MyDrive/Test1/DATA/SATURATION/0deg_LED_saturation/178.8/20220421_145533.png,178.8
.//content/gdrive/MyDrive/Test1/DATA/SATURATION/0deg_LED_saturation/26.7/20220519_195422.png,26.7
.//content/gdrive/MyDrive/Test1/DATA/SATURATION/0deg_LED_saturation/10.25/20220520_030158.png,10.25
.//content/gdrive/MyDrive/Test1/DATA/SATURATION/0deg_LED_saturation/70/20220512_141710.png,70.0
.//content/gdrive/MyDrive/Test1/DATA/SATURATION/0deg_LED_saturation/6.2/20220520_072331.png,6.2
.//content/gdrive/MyDrive/Test1/DATA/SATURATION/0deg_LED_saturation/95.9/20220427_140607.png,95.9
.//content/gdrive/MyDrive/Test1/DATA/SATURATION/0deg_LED_saturation/174.1/20220421_154414.png,174.1
.//content/gdrive/MyDrive/Test1/DATA/SATURATION/0deg_LED_saturation/199.4/20220421_104548.png,199.4
.//content/gdrive/MyDrive/Test1/DATA/SATURATION/0deg_LED_saturation/105/20220427_114105.png,105.0
.//content/gdrive/MyDrive/Test1/DATA/SATURATION/0deg_LED_saturation/91.3/20220427_152734.png,91.3
.//content/gdrive/MyDrive/Test1/DATA/SATURATION/0deg_LED_saturation/76.95/20220512_124725.png,76.95
.//content/gdrive/MyDrive/Test1/DATA/SATURATION/0deg_LED_saturation/60.05/20220513_133247.png,60.05
.//content/gdrive/MyDrive/Test1/DATA/SATURATION/0deg_LED_saturation/10.25/20220520_030131.png,10.25
.//content/gdrive/MyDrive/Test1/DATA/SATURATION/0deg_LED_saturation/3.65/20220520_082550.png,3.65
.//content/gdrive/MyDrive/Test1/DATA/SATURATION/0deg_LED_saturation/114.7/20220426_153821.png,114.7
.//content/gdrive/MyDrive/Test1/DATA/SATURATION/0deg_LED_saturation/126.3/20220426_134521.png,126.3
.//content/gdrive/MyDrive/Test1/DATA/SATURATION/0deg_LED_saturation/55.7/20220513_142027.png,55.7
.//content/gdrive/MyDrive/Test1/DATA/SATURATION/0deg_LED_saturation/67.75/20220512_135800.png,67.75
.//content/gdrive/MyDrive/Test1/DATA/SATURATION/0deg_LED_saturation/161.65/20220422_132615.png,161.65
.//content/gdrive/MyDrive/Test1/DATA/SATURATION/0deg_LED_saturation/134/20220425_143646.png,134.0
.//content/gdrive/MyDrive/Test1/DATA/SATURATION/0deg_LED_saturation/163.3/20220422_111442.png,163.3
.//content/gdrive/MyDrive/Test1/DATA/SATURATION/0deg_LED_saturation/114.7/20220426_153758.png,114.7
.//content/gdrive/MyDrive/Test1/DATA/SATURATION/0deg_LED_saturation/104.3/20220427_115658.png,104.3
.//content/gdrive/MyDrive/Test1/DATA/SATURATION/0deg_LED_saturation/107.6/20220427_110130.png,107.6
.//content/gdrive/MyDrive/Test1/DATA/SATURATION/0deg_LED_saturation/199.4/20220421_104706.png,199.4
.//content/gdrive/MyDrive/Test1/DATA/SATURATION/0deg_LED_saturation/71.55/20220512_144311.png,71.55
.//content/gdrive/MyDrive/Test1/DATA/SATURATION/0deg_LED_saturation/123.9/20220426_141602.png,123.9
.//content/gdrive/MyDrive/Test1/DATA/SATURATION/0deg_LED_saturation/147.85/20220425_110712.png,147.85
.//content/gdrive/MyDrive/Test1/DATA/SATURATION/0deg_LED_saturation/161.1/20220422_134316.png,161.1
.//content/gdrive/MyDrive/Test1/DATA/SATURATION/0deg_LED_saturation/97.25/20220427_134135.png,97.25
.//content/gdrive/MyDrive/Test1/DATA/SATURATION/0deg_LED_saturation/81.85/20220512_104004.png,81.85
.//content/gdrive/MyDrive/Test1/DATA/SATURATION/0deg_LED_saturation/50.3/20220517_112708.png,50.3
.//content/gdrive/MyDrive/Test1/DATA/SATURATION/0deg_LED_saturation/40.5/20220517_153010.png,40.5
.//content/gdrive/MyDrive/Test1/DATA/SATURATION/0deg_LED_saturation/44.5/20220517_144356.png,44.5
.//content/gdrive/MyDrive/Test1/DATA/SATURATION/0deg_LED_saturation/53.05/20220513_152806.png,53.05
.//content/gdrive/MyDrive/Test1/DATA/SATURATION/0deg_LED_saturation/106.8/20220427_112230.png,106.8
.//content/gdrive/MyDrive/Test1/DATA/SATURATION/0deg_LED_saturation/183.2/20220421_134127.png,183.2
.//content/gdrive/MyDrive/Test1/DATA/SATURATION/0deg_LED_saturation/12.95/20220520_021637.png,12.95
.//content/gdrive/MyDrive/Test1/DATA/SATURATION/0deg_LED_saturation/171.8/20220422_100922.png,171.8
.//content/gdrive/MyDrive/Test1/DATA/SATURATION/0deg_LED_saturation/195.5/20220421_113438.png,195.5
.//content/gdrive/MyDrive/Test1/DATA/SATURATION/0deg_LED_saturation/2.6/20220520_074728.png,2.6
.//content/gdrive/MyDrive/Test1/DATA/SATURATION/0deg_LED_saturation/190.9/20220421_121107.png,190.9
.//content/gdrive/MyDrive/Test1/DATA/SATURATION/0deg_LED_saturation/76.95/20220512_124706.png,76.95
.//content/gdrive/MyDrive/Test1/DATA/SATURATION/0deg_LED_saturation/32.1/20220519_143152.png,32.1
.//content/gdrive/MyDrive/Test1/DATA/SATURATION/0deg_LED_saturation/58.8/20220513_135529.png,58.8
.//content/gdrive/MyDrive/Test1/DATA/SATURATION/0deg_LED_saturation/164.4/20220422_110214.png,164.4
.//content/gdrive/MyDrive/Test1/DATA/SATURATION/0deg_LED_saturation/14.1/20220520_014700.png,14.1
.//content/gdrive/MyDrive/Test1/DATA/SATURATION/0deg_LED_saturation/68.3/20220512_151854.png,68.3
.//content/gdrive/MyDrive/Test1/DATA/SATURATION/0deg_LED_saturation/190.2/20220421_123334.png,190.2
.//content/gdrive/MyDrive/Test1/DATA/SATURATION/0deg_LED_saturation/45.35/20220517_143410.png,45.35
.//content/gdrive/MyDrive/Test1/DATA/SATURATION/0deg_LED_saturation/133.2/20220425_144541.png,133.2
.//content/gdrive/MyDrive/Test1/DATA/SATURATION/0deg_LED_saturation/67.75/20220512_135735.png,67.75
.//content/gdrive/MyDrive/Test1/DATA/SATURATION/0deg_LED_saturation/190.9/20220421_121116.png,190.9
.//content/gdrive/MyDrive/Test1/DATA/SATURATION/0deg_LED_saturation/98/20220427_133300.png,98.0
.//content/gdrive/MyDrive/Test1/DATA/SATURATION/0deg_LED_saturation/124.65/20220426_140433.png,124.65
.//content/gdrive/MyDrive/Test1/DATA/SATURATION/0deg_LED_saturation/167/20220422_104207.png,167.0
.//content/gdrive/MyDrive/Test1/DATA/SATURATION/0deg_LED_saturation/39.4/20220519_114725.png,39.4
.//content/gdrive/MyDrive/Test1/DATA/SATURATION/0deg_LED_saturation/51.15/20220517_111533.png,51.15
.//content/gdrive/MyDrive/Test1/DATA/SATURATION/0deg_LED_saturation/66.25/20220512_153407.png,66.25
.//content/gdrive/MyDrive/Test1/DATA/SATURATION/0deg_LED_saturation/8.1/20220520_064534.png,8.1
.//content/gdrive/MyDrive/Test1/DATA/SATURATION/0deg_LED_saturation/140.3/20220425_132803.png,140.3
.//content/gdrive/MyDrive/Test1/DATA/SATURATION/0deg_LED_saturation/109/20220427_104138.png,109.0
.//content/gdrive/MyDrive/Test1/DATA/SATURATION/0deg_LED_saturation/54.85/20220513_144326.png,54.85
.//content/gdrive/MyDrive/Test1/DATA/SATURATION/0deg_LED_saturation/179.3/20220421_144223.png,179.3
.//content/gdrive/MyDrive/Test1/DATA/SATURATION/0deg_LED_saturation/87/20220510_130245.png,87.0
.//content/gdrive/MyDrive/Test1/DATA/SATURATION/0deg_LED_saturation/40.5/20220517_152957.png,40.5
.//content/gdrive/MyDrive/Test1/DATA/SATURATION/0deg_LED_saturation/5.1/20220520_080804.png,5.1
.//content/gdrive/MyDrive/Test1/DATA/SATURATION/0deg_LED_saturation/103.2/20220427_124304.png,103.2
.//content/gdrive/MyDrive/Test1/DATA/SATURATION/0deg_LED_saturation/188.1/20220421_124336.png,188.1
.//content/gdrive/MyDrive/Test1/DATA/SATURATION/0deg_LED_saturation/2.6/20220520_074746.png,2.6
.//content/gdrive/MyDrive/Test1/DATA/SATURATION/0deg_LED_saturation/2.6/20220520_074708.png,2.6
.//content/gdrive/MyDrive/Test1/DATA/SATURATION/0deg_LED_saturation/160.1/20220422_135813.png,160.1
.//content/gdrive/MyDrive/Test1/DATA/SATURATION/0deg_LED_saturation/99.9/20220427_132223.png,99.9
.//content/gdrive/MyDrive/Test1/DATA/SATURATION/0deg_LED_saturation/80.7/20220510_152321.png,80.7
.//content/gdrive/MyDrive/Test1/DATA/SATURATION/0deg_LED_saturation/36/20220519_135133.png,36.0
.//content/gdrive/MyDrive/Test1/DATA/SATURATION/0deg_LED_saturation/146.05/20220425_114737.png,146.05
.//content/gdrive/MyDrive/Test1/DATA/SATURATION/0deg_LED_saturation/7.2/20220520_070424.png,7.2
.//content/gdrive/MyDrive/Test1/DATA/SATURATION/0deg_LED_saturation/41.6/20220517_152035.png,41.6
.//content/gdrive/MyDrive/Test1/DATA/SATURATION/0deg_LED_saturation/156.9/20220422_143952.png,156.9
.//content/gdrive/MyDrive/Test1/DATA/SATURATION/0deg_LED_saturation/130.6/20220425_151851.png,130.6
.//content/gdrive/MyDrive/Test1/DATA/SATURATION/0deg_LED_saturation/160.1/20220422_135820.png,160.1
.//content/gdrive/MyDrive/Test1/DATA/SATURATION/0deg_LED_saturation/48.95/20220517_114811.png,48.95
.//content/gdrive/MyDrive/Test1/DATA/SATURATION/0deg_LED_saturation/38.5/20220519_104748.png,38.5
.//content/gdrive/MyDrive/Test1/DATA/SATURATION/0deg_LED_saturation/147.85/20220425_110719.png,147.85
.//content/gdrive/MyDrive/Test1/DATA/SATURATION/0deg_LED_saturation/28.4/20220519_190453.png,28.4
.//content/gdrive/MyDrive/Test1/DATA/SATURATION/0deg_LED_saturation/165/20220422_105230.png,165.0
.//content/gdrive/MyDrive/Test1/DATA/SATURATION/0deg_LED_saturation/178.8/20220421_145555.png,178.8
.//content/gdrive/MyDrive/Test1/DATA/SATURATION/0deg_LED_saturation/55.7/20220513_142038.png,55.7
.//content/gdrive/MyDrive/Test1/DATA/SATURATION/0deg_LED_saturation/141.45/20220425_130352.png,141.45
.//content/gdrive/MyDrive/Test1/DATA/SATURATION/0deg_LED_saturation/103.2/20220427_124231.png,103.2
.//content/gdrive/MyDrive/Test1/DATA/SATURATION/0deg_LED_saturation/57.8/20220513_140538.png,57.8
.//content/gdrive/MyDrive/Test1/DATA/SATURATION/0deg_LED_saturation/179.3/20220421_144156.png,179.3
.//content/gdrive/MyDrive/Test1/DATA/SATURATION/0deg_LED_saturation/47.5/20220517_141537.png,47.5
.//content/gdrive/MyDrive/Test1/DATA/SATURATION/0deg_LED_saturation/60.05/20220513_133325.png,60.05
.//content/gdrive/MyDrive/Test1/DATA/SATURATION/0deg_LED_saturation/106.8/20220427_112210.png,106.8
.//content/gdrive/MyDrive/Test1/DATA/SATURATION/0deg_LED_saturation/158.4/20220422_142109.png,158.4
.//content/gdrive/MyDrive/Test1/DATA/SATURATION/0deg_LED_saturation/196.5/20220421_112432.png,196.5
.//content/gdrive/MyDrive/Test1/DATA/SATURATION/0deg_LED_saturation/95.9/20220427_140628.png,95.9
.//content/gdrive/MyDrive/Test1/DATA/SATURATION/0deg_LED_saturation/74.45/20220512_132801.png,74.45
.//content/gdrive/MyDrive/Test1/DATA/SATURATION/0deg_LED_saturation/106.8/20220427_112201.png,106.8
.//content/gdrive/MyDrive/Test1/DATA/SATURATION/0deg_LED_saturation/81.85/20220512_103956.png,81.85
.//content/gdrive/MyDrive/Test1/DATA/SATURATION/0deg_LED_saturation/78.6/20220512_115206.png,78.6
.//content/gdrive/MyDrive/Test1/DATA/SATURATION/0deg_LED_saturation/44.5/20220517_144330.png,44.5
.//content/gdrive/MyDrive/Test1/DATA/SATURATION/0deg_LED_saturation/127.9/20220426_133046.png,127.9
.//content/gdrive/MyDrive/Test1/DATA/SATURATION/0deg_LED_saturation/89/20220510_123120.png,89.0
.//content/gdrive/MyDrive/Test1/DATA/SATURATION/0deg_LED_saturation/92.3/20220427_151509.png,92.3
.//content/gdrive/MyDrive/Test1/DATA/SATURATION/0deg_LED_saturation/121.25/20220426_131052.png,121.25
.//content/gdrive/MyDrive/Test1/DATA/SATURATION/0deg_LED_saturation/190.2/20220421_123355.png,190.2
.//content/gdrive/MyDrive/Test1/DATA/SATURATION/0deg_LED_saturation/101.5/20220427_125411.png,101.5
.//content/gdrive/MyDrive/Test1/DATA/SATURATION/0deg_LED_saturation/71.55/20220512_144327.png,71.55
.//content/gdrive/MyDrive/Test1/DATA/SATURATION/0deg_LED_saturation/28.4/20220519_190445.png,28.4
.//content/gdrive/MyDrive/Test1/DATA/SATURATION/0deg_LED_saturation/104.3/20220427_115717.png,104.3
.//content/gdrive/MyDrive/Test1/DATA/SATURATION/0deg_LED_saturation/22.2/20220519_230647.png,22.2
.//content/gdrive/MyDrive/Test1/DATA/SATURATION/0deg_LED_saturation/40.5/20220517_153003.png,40.5
.//content/gdrive/MyDrive/Test1/DATA/SATURATION/0deg_LED_saturation/85.1/20220510_132939.png,85.1
.//content/gdrive/MyDrive/Test1/DATA/SATURATION/0deg_LED_saturation/54.85/20220513_144249.png,54.85
.//content/gdrive/MyDrive/Test1/DATA/SATURATION/0deg_LED_saturation/122.3/20220426_142613.png,122.3
.//content/gdrive/MyDrive/Test1/DATA/SATURATION/0deg_LED_saturation/36/20220519_135144.png,36.0
.//content/gdrive/MyDrive/Test1/DATA/SATURATION/0deg_LED_saturation/9.45/20220520_061224.png,9.45
.//content/gdrive/MyDrive/Test1/DATA/SATURATION/0deg_LED_saturation/112.5/20220427_100618.png,112.5
.//content/gdrive/MyDrive/Test1/DATA/SATURATION/0deg_LED_saturation/186/20220421_130022.png,186.0
.//content/gdrive/MyDrive/Test1/DATA/SATURATION/0deg_LED_saturation/9.45/20220520_061238.png,9.45
.//content/gdrive/MyDrive/Test1/DATA/SATURATION/0deg_LED_saturation/70/20220512_141632.png,70.0
.//content/gdrive/MyDrive/Test1/DATA/SATURATION/0deg_LED_saturation/57.8/20220513_140452.png,57.8
.//content/gdrive/MyDrive/Test1/DATA/SATURATION/0deg_LED_saturation/47.5/20220517_141508.png,47.5
.//content/gdrive/MyDrive/Test1/DATA/SATURATION/0deg_LED_saturation/9.45/20220520_061245.png,9.45
.//content/gdrive/MyDrive/Test1/DATA/SATURATION/0deg_LED_saturation/135.7/20220425_142428.png,135.7
.//content/gdrive/MyDrive/Test1/DATA/SATURATION/0deg_LED_saturation/97.25/20220427_134111.png,97.25
.//content/gdrive/MyDrive/Test1/DATA/SATURATION/0deg_LED_saturation/61.3/20220513_105412.png,61.3
.//content/gdrive/MyDrive/Test1/DATA/SATURATION/0deg_LED_saturation/71.55/20220512_144335.png,71.55
.//content/gdrive/MyDrive/Test1/DATA/SATURATION/0deg_LED_saturation/24.4/20220519_205112.png,24.4
.//content/gdrive/MyDrive/Test1/DATA/SATURATION/0deg_LED_saturation/113.3/20220427_095314.png,113.3
.//content/gdrive/MyDrive/Test1/DATA/SATURATION/0deg_LED_saturation/103.2/20220427_124240.png,103.2
.//content/gdrive/MyDrive/Test1/DATA/SATURATION/0deg_LED_saturation/43/20220517_150707.png,43.0
.//content/gdrive/MyDrive/Test1/DATA/SATURATION/0deg_LED_saturation/142.6/20220425_125202.png,142.6
.//content/gdrive/MyDrive/Test1/DATA/SATURATION/0deg_LED_saturation/83.25/20220510_144219.png,83.25
.//content/gdrive/MyDrive/Test1/DATA/SATURATION/0deg_LED_saturation/79.9/20220512_114358.png,79.9
.//content/gdrive/MyDrive/Test1/DATA/SATURATION/0deg_LED_saturation/61/20220513_110932.png,61.0
.//content/gdrive/MyDrive/Test1/DATA/SATURATION/0deg_LED_saturation/39.4/20220519_114650.png,39.4
.//content/gdrive/MyDrive/Test1/DATA/SATURATION/0deg_LED_saturation/70/20220512_141642.png,70.0
.//content/gdrive/MyDrive/Test1/DATA/SATURATION/0deg_LED_saturation/195.5/20220421_113528.png,195.5
.//content/gdrive/MyDrive/Test1/DATA/SATURATION/0deg_LED_saturation/147/20220425_113425.png,147.0
.//content/gdrive/MyDrive/Test1/DATA/SATURATION/0deg_LED_saturation/154.2/20220422_150512.png,154.2
.//content/gdrive/MyDrive/Test1/DATA/SATURATION/0deg_LED_saturation/160.1/20220422_135805.png,160.1
.//content/gdrive/MyDrive/Test1/DATA/SATURATION/0deg_LED_saturation/20.3/20220519_232535.png,20.3
.//content/gdrive/MyDrive/Test1/DATA/SATURATION/0deg_LED_saturation/11.2/20220520_025007.png,11.2
.//content/gdrive/MyDrive/Test1/DATA/SATURATION/0deg_LED_saturation/114.7/20220426_153806.png,114.7
.//content/gdrive/MyDrive/Test1/DATA/SATURATION/0deg_LED_saturation/147/20220425_113250.png,147.0
.//content/gdrive/MyDrive/Test1/DATA/SATURATION/0deg_LED_saturation/47.5/20220517_141517.png,47.5
.//content/gdrive/MyDrive/Test1/DATA/SATURATION/0deg_LED_saturation/54.85/20220513_144318.png,54.85
.//content/gdrive/MyDrive/Test1/DATA/SATURATION/0deg_LED_saturation/26.7/20220519_195402.png,26.7
.//content/gdrive/MyDrive/Test1/DATA/SATURATION/0deg_LED_saturation/190.2/20220421_123403.png,190.2
.//content/gdrive/MyDrive/Test1/DATA/SATURATION/0deg_LED_saturation/88.4/20220510_124857.png,88.4
.//content/gdrive/MyDrive/Test1/DATA/SATURATION/0deg_LED_saturation/87/20220510_130256.png,87.0
.//content/gdrive/MyDrive/Test1/DATA/SATURATION/0deg_LED_saturation/76.35/20220512_130413.png,76.35
.//content/gdrive/MyDrive/Test1/DATA/SATURATION/0deg_LED_saturation/6.2/20220520_072345.png,6.2
.//content/gdrive/MyDrive/Test1/DATA/SATURATION/0deg_LED_saturation/60.05/20220513_133256.png,60.05
.//content/gdrive/MyDrive/Test1/DATA/SATURATION/0deg_LED_saturation/37.4/20220519_121842.png,37.4
.//content/gdrive/MyDrive/Test1/DATA/SATURATION/0deg_LED_saturation/119.7/20220426_145655.png,119.7
.//content/gdrive/MyDrive/Test1/DATA/SATURATION/0deg_LED_saturation/34.7/20220519_140327.png,34.7
.//content/gdrive/MyDrive/Test1/DATA/SATURATION/0deg_LED_saturation/67/20220512_152610.png,67.0
.//content/gdrive/MyDrive/Test1/DATA/SATURATION/0deg_LED_saturation/56.4/20220517_104332.png,56.4
.//content/gdrive/MyDrive/Test1/DATA/SATURATION/0deg_LED_saturation/76.35/20220512_130448.png,76.35
.//content/gdrive/MyDrive/Test1/DATA/SATURATION/0deg_LED_saturation/163.3/20220422_111451.png,163.3
.//content/gdrive/MyDrive/Test1/DATA/SATURATION/0deg_LED_saturation/123.9/20220426_141613.png,123.9
.//content/gdrive/MyDrive/Test1/DATA/SATURATION/0deg_LED_saturation/52.1/20220513_154434.png,52.1
.//content/gdrive/MyDrive/Test1/DATA/SATURATION/0deg_LED_saturation/137/20220425_141228.png,137.0
.//content/gdrive/MyDrive/Test1/DATA/SATURATION/0deg_LED_saturation/161.65/20220422_132607.png,161.65
.//content/gdrive/MyDrive/Test1/DATA/SATURATION/0deg_LED_saturation/137/20220425_141235.png,137.0
.//content/gdrive/MyDrive/Test1/DATA/SATURATION/0deg_LED_saturation/140.3/20220425_132827.png,140.3
.//content/gdrive/MyDrive/Test1/DATA/SATURATION/0deg_LED_saturation/197.5/20220421_110608.png,197.5
.//content/gdrive/MyDrive/Test1/DATA/SATURATION/0deg_LED_saturation/193.4/20220421_114800.png,193.4
.//content/gdrive/MyDrive/Test1/DATA/SATURATION/0deg_LED_saturation/81.85/20220512_104011.png,81.85
.//content/gdrive/MyDrive/Test1/DATA/SATURATION/0deg_LED_saturation/152/20220422_151757.png,152.0
.//content/gdrive/MyDrive/Test1/DATA/SATURATION/0deg_LED_saturation/16.2/20220520_013558.png,16.2
.//content/gdrive/MyDrive/Test1/DATA/SATURATION/0deg_LED_saturation/71/20220512_142713.png,71.0
.//content/gdrive/MyDrive/Test1/DATA/SATURATION/0deg_LED_saturation/45.35/20220517_143345.png,45.35
.//content/gdrive/MyDrive/Test1/DATA/SATURATION/0deg_LED_saturation/139.1/20220425_134411.png,139.1
.//content/gdrive/MyDrive/Test1/DATA/SATURATION/0deg_LED_saturation/1.05/20220520_084302.png,1.05
.//content/gdrive/MyDrive/Test1/DATA/SATURATION/0deg_LED_saturation/24.85/20220519_214634.png,24.85
.//content/gdrive/MyDrive/Test1/DATA/SATURATION/0deg_LED_saturation/147.85/20220425_110729.png,147.85
.//content/gdrive/MyDrive/Test1/DATA/SATURATION/0deg_LED_saturation/140.3/20220425_132900.png,140.3
.//content/gdrive/MyDrive/Test1/DATA/SATURATION/0deg_LED_saturation/84.7/20220510_135858.png,84.7
.//content/gdrive/MyDrive/Test1/DATA/SATURATION/0deg_LED_saturation/53.8/20220517_110329.png,53.8
.//content/gdrive/MyDrive/Test1/DATA/SATURATION/0deg_LED_saturation/107.6/20220427_110110.png,107.6
.//content/gdrive/MyDrive/Test1/DATA/SATURATION/0deg_LED_saturation/60.05/20220513_133316.png,60.05
.//content/gdrive/MyDrive/Test1/DATA/SATURATION/0deg_LED_saturation/22.2/20220519_230640.png,22.2
.//content/gdrive/MyDrive/Test1/DATA/SATURATION/0deg_LED_saturation/142.6/20220425_125212.png,142.6
.//content/gdrive/MyDrive/Test1/DATA/SATURATION/0deg_LED_saturation/165/20220422_105139.png,165.0
.//content/gdrive/MyDrive/Test1/DATA/SATURATION/0deg_LED_saturation/135.7/20220425_142540.png,135.7
.//content/gdrive/MyDrive/Test1/DATA/SATURATION/0deg_LED_saturation/104.3/20220427_115650.png,104.3
.//content/gdrive/MyDrive/Test1/DATA/SATURATION/0deg_LED_saturation/12.05/20220520_023913.png,12.05
.//content/gdrive/MyDrive/Test1/DATA/SATURATION/0deg_LED_saturation/116.1/20220426_153004.png,116.1
.//content/gdrive/MyDrive/Test1/DATA/SATURATION/0deg_LED_saturation/143.9/20220425_120242.png,143.9
.//content/gdrive/MyDrive/Test1/DATA/SATURATION/0deg_LED_saturation/7.2/20220520_070431.png,7.2
.//content/gdrive/MyDrive/Test1/DATA/SATURATION/0deg_LED_saturation/139.1/20220425_134425.png,139.1
.//content/gdrive/MyDrive/Test1/DATA/SATURATION/0deg_LED_saturation/33.4/20220519_150404.png,33.4
.//content/gdrive/MyDrive/Test1/DATA/SATURATION/0deg_LED_saturation/177.5/20220421_150906.png,177.5
.//content/gdrive/MyDrive/Test1/DATA/SATURATION/0deg_LED_saturation/16.9/20220519_201454.png,16.9
.//content/gdrive/MyDrive/Test1/DATA/SATURATION/0deg_LED_saturation/181.4/20220421_142730.png,181.4
.//content/gdrive/MyDrive/Test1/DATA/SATURATION/0deg_LED_saturation/51.15/20220517_111521.png,51.15
.//content/gdrive/MyDrive/Test1/DATA/SATURATION/0deg_LED_saturation/9.45/20220520_061231.png,9.45
.//content/gdrive/MyDrive/Test1/DATA/SATURATION/0deg_LED_saturation/199.4/20220421_104724.png,199.4
.//content/gdrive/MyDrive/Test1/DATA/SATURATION/0deg_LED_saturation/97.25/20220427_134119.png,97.25
.//content/gdrive/MyDrive/Test1/DATA/SATURATION/0deg_LED_saturation/141.45/20220425_130429.png,141.45
.//content/gdrive/MyDrive/Test1/DATA/SATURATION/0deg_LED_saturation/142.6/20220425_125135.png,142.6
.//content/gdrive/MyDrive/Test1/DATA/SATURATION/0deg_LED_saturation/70/20220512_141718.png,70.0
.//content/gdrive/MyDrive/Test1/DATA/SATURATION/0deg_LED_saturation/57.3/20220513_131821.png,57.3
.//content/gdrive/MyDrive/Test1/DATA/SATURATION/0deg_LED_saturation/16.9/20220519_201502.png,16.9
.//content/gdrive/MyDrive/Test1/DATA/SATURATION/0deg_LED_saturation/146.05/20220425_114713.png,146.05
.//content/gdrive/MyDrive/Test1/DATA/SATURATION/0deg_LED_saturation/165/20220422_105146.png,165.0
.//content/gdrive/MyDrive/Test1/DATA/SATURATION/0deg_LED_saturation/48.95/20220517_114824.png,48.95
.//content/gdrive/MyDrive/Test1/DATA/SATURATION/0deg_LED_saturation/41.6/20220517_152000.png,41.6
.//content/gdrive/MyDrive/Test1/DATA/SATURATION/0deg_LED_saturation/43/20220517_150640.png,43.0
.//content/gdrive/MyDrive/Test1/DATA/SATURATION/0deg_LED_saturation/3.65/20220520_082606.png,3.65
.//content/gdrive/MyDrive/Test1/DATA/SATURATION/0deg_LED_saturation/5.1/20220520_080742.png,5.1
.//content/gdrive/MyDrive/Test1/DATA/SATURATION/0deg_LED_saturation/64.8/20220513_100307.png,64.8
.//content/gdrive/MyDrive/Test1/DATA/SATURATION/0deg_LED_saturation/57.8/20220513_140515.png,57.8
.//content/gdrive/MyDrive/Test1/DATA/SATURATION/0deg_LED_saturation/118/20220426_151345.png,118.0
.//content/gdrive/MyDrive/Test1/DATA/SATURATION/0deg_LED_saturation/41.6/20220517_152028.png,41.6
.//content/gdrive/MyDrive/Test1/DATA/SATURATION/0deg_LED_saturation/40.5/20220517_153017.png,40.5
.//content/gdrive/MyDrive/Test1/DATA/SATURATION/0deg_LED_saturation/94.2/20220427_143102.png,94.2
.//content/gdrive/MyDrive/Test1/DATA/SATURATION/0deg_LED_saturation/164.4/20220422_110151.png,164.4
.//content/gdrive/MyDrive/Test1/DATA/SATURATION/0deg_LED_saturation/24.4/20220519_205126.png,24.4
.//content/gdrive/MyDrive/Test1/DATA/SATURATION/0deg_LED_saturation/196.5/20220421_112421.png,196.5
.//content/gdrive/MyDrive/Test1/DATA/SATURATION/0deg_LED_saturation/52.1/20220513_154457.png,52.1
.//content/gdrive/MyDrive/Test1/DATA/SATURATION/0deg_LED_saturation/158.4/20220422_142126.png,158.4
.//content/gdrive/MyDrive/Test1/DATA/SATURATION/0deg_LED_saturation/126.3/20220426_134507.png,126.3
.//content/gdrive/MyDrive/Test1/DATA/SATURATION/0deg_LED_saturation/192.1/20220421_115905.png,192.1
.//content/gdrive/MyDrive/Test1/DATA/SATURATION/0deg_LED_saturation/37.4/20220519_121818.png,37.4
.//content/gdrive/MyDrive/Test1/DATA/SATURATION/0deg_LED_saturation/167/20220422_104152.png,167.0
.//content/gdrive/MyDrive/Test1/DATA/SATURATION/0deg_LED_saturation/44.5/20220517_144340.png,44.5
.//content/gdrive/MyDrive/Test1/DATA/SATURATION/0deg_LED_saturation/181.4/20220421_142803.png,181.4
.//content/gdrive/MyDrive/Test1/DATA/SATURATION/0deg_LED_saturation/80.7/20220510_152254.png,80.7
.//content/gdrive/MyDrive/Test1/DATA/SATURATION/0deg_LED_saturation/52.1/20220513_154451.png,52.1
.//content/gdrive/MyDrive/Test1/DATA/SATURATION/0deg_LED_saturation/101.5/20220427_125419.png,101.5
.//content/gdrive/MyDrive/Test1/DATA/SATURATION/0deg_LED_saturation/163.3/20220422_111430.png,163.3
.//content/gdrive/MyDrive/Test1/DATA/SATURATION/0deg_LED_saturation/162.2/20220422_113226.png,162.2
.//content/gdrive/MyDrive/Test1/DATA/SATURATION/0deg_LED_saturation/130.6/20220425_151834.png,130.6
.//content/gdrive/MyDrive/Test1/DATA/SATURATION/0deg_LED_saturation/73.3/20220512_133828.png,73.3
.//content/gdrive/MyDrive/Test1/DATA/SATURATION/0deg_LED_saturation/34.7/20220519_140346.png,34.7
.//content/gdrive/MyDrive/Test1/DATA/SATURATION/0deg_LED_saturation/60.05/20220513_133309.png,60.05
.//content/gdrive/MyDrive/Test1/DATA/SATURATION/0deg_LED_saturation/79.9/20220512_114405.png,79.9
.//content/gdrive/MyDrive/Test1/DATA/SATURATION/0deg_LED_saturation/177.5/20220421_150855.png,177.5
.//content/gdrive/MyDrive/Test1/DATA/SATURATION/0deg_LED_saturation/68.3/20220512_151826.png,68.3
.//content/gdrive/MyDrive/Test1/DATA/SATURATION/0deg_LED_saturation/182.7/20220421_140152.png,182.7
.//content/gdrive/MyDrive/Test1/DATA/SATURATION/0deg_LED_saturation/88.4/20220510_124820.png,88.4
.//content/gdrive/MyDrive/Test1/DATA/SATURATION/0deg_LED_saturation/89/20220510_123158.png,89.0
.//content/gdrive/MyDrive/Test1/DATA/SATURATION/0deg_LED_saturation/61.3/20220513_105342.png,61.3
.//content/gdrive/MyDrive/Test1/DATA/SATURATION/0deg_LED_saturation/43/20220517_150657.png,43.0
.//content/gdrive/MyDrive/Test1/DATA/SATURATION/0deg_LED_saturation/23.5/20220519_221008.png,23.5
.//content/gdrive/MyDrive/Test1/DATA/SATURATION/0deg_LED_saturation/161.65/20220422_132601.png,161.65
.//content/gdrive/MyDrive/Test1/DATA/SATURATION/0deg_LED_saturation/186/20220421_130009.png,186.0
.//content/gdrive/MyDrive/Test1/DATA/SATURATION/0deg_LED_saturation/168/20220422_103108.png,168.0
.//content/gdrive/MyDrive/Test1/DATA/SATURATION/0deg_LED_saturation/192.1/20220421_115915.png,192.1
.//content/gdrive/MyDrive/Test1/DATA/SATURATION/0deg_LED_saturation/12.05/20220520_023902.png,12.05
.//content/gdrive/MyDrive/Test1/DATA/SATURATION/0deg_LED_saturation/171.8/20220422_100948.png,171.8
.//content/gdrive/MyDrive/Test1/DATA/SATURATION/0deg_LED_saturation/63.6/20220513_101704.png,63.6
.//content/gdrive/MyDrive/Test1/DATA/SATURATION/0deg_LED_saturation/130.2/20220425_152642.png,130.2
.//content/gdrive/MyDrive/Test1/DATA/SATURATION/0deg_LED_saturation/188.1/20220421_124329.png,188.1
.//content/gdrive/MyDrive/Test1/DATA/SATURATION/0deg_LED_saturation/133.2/20220425_144609.png,133.2
.//content/gdrive/MyDrive/Test1/DATA/SATURATION/0deg_LED_saturation/91.3/20220427_152711.png,91.3
.//content/gdrive/MyDrive/Test1/DATA/SATURATION/0deg_LED_saturation/183.2/20220421_134147.png,183.2
.//content/gdrive/MyDrive/Test1/DATA/SATURATION/0deg_LED_saturation/9.45/20220520_061251.png,9.45
.//content/gdrive/MyDrive/Test1/DATA/SATURATION/0deg_LED_saturation/106.8/20220427_112150.png,106.8
.//content/gdrive/MyDrive/Test1/DATA/SATURATION/0deg_LED_saturation/156.9/20220422_144002.png,156.9
.//content/gdrive/MyDrive/Test1/DATA/SATURATION/0deg_LED_saturation/70/20220512_141655.png,70.0
.//content/gdrive/MyDrive/Test1/DATA/SATURATION/0deg_LED_saturation/37.4/20220519_121911.png,37.4
.//content/gdrive/MyDrive/Test1/DATA/SATURATION/0deg_LED_saturation/66.25/20220512_153415.png,66.25
.//content/gdrive/MyDrive/Test1/DATA/SATURATION/0deg_LED_saturation/130.6/20220425_151910.png,130.6
.//content/gdrive/MyDrive/Test1/DATA/SATURATION/0deg_LED_saturation/46.6/20220517_142628.png,46.6
.//content/gdrive/MyDrive/Test1/DATA/SATURATION/0deg_LED_saturation/34.7/20220519_140339.png,34.7
.//content/gdrive/MyDrive/Test1/DATA/SATURATION/0deg_LED_saturation/24.4/20220519_205137.png,24.4
.//content/gdrive/MyDrive/Test1/DATA/SATURATION/0deg_LED_saturation/8.1/20220520_064602.png,8.1
.//content/gdrive/MyDrive/Test1/DATA/SATURATION/0deg_LED_saturation/11.2/20220520_025032.png,11.2
.//content/gdrive/MyDrive/Test1/DATA/SATURATION/0deg_LED_saturation/29.6/20220519_161141.png,29.6
.//content/gdrive/MyDrive/Test1/DATA/SATURATION/0deg_LED_saturation/80.7/20220510_152306.png,80.7
.//content/gdrive/MyDrive/Test1/DATA/SATURATION/0deg_LED_saturation/124.65/20220426_140454.png,124.65
.//content/gdrive/MyDrive/Test1/DATA/SATURATION/0deg_LED_saturation/141.45/20220425_130409.png,141.45
.//content/gdrive/MyDrive/Test1/DATA/SATURATION/0deg_LED_saturation/110.5/20220427_102030.png,110.5
.//content/gdrive/MyDrive/Test1/DATA/SATURATION/0deg_LED_saturation/83.25/20220510_144158.png,83.25
.//content/gdrive/MyDrive/Test1/DATA/SATURATION/0deg_LED_saturation/186/20220421_130031.png,186.0
.//content/gdrive/MyDrive/Test1/DATA/SATURATION/0deg_LED_saturation/41.6/20220517_152010.png,41.6
.//content/gdrive/MyDrive/Test1/DATA/SATURATION/0deg_LED_saturation/1.05/20220520_084235.png,1.05
.//content/gdrive/MyDrive/Test1/DATA/SATURATION/0deg_LED_saturation/107.6/20220427_110140.png,107.6
.//content/gdrive/MyDrive/Test1/DATA/SATURATION/0deg_LED_saturation/147/20220425_113303.png,147.0
.//content/gdrive/MyDrive/Test1/DATA/SATURATION/0deg_LED_saturation/162.2/20220422_113152.png,162.2
.//content/gdrive/MyDrive/Test1/DATA/SATURATION/0deg_LED_saturation/58.8/20220513_135458.png,58.8
.//content/gdrive/MyDrive/Test1/DATA/SATURATION/0deg_LED_saturation/87/20220510_130313.png,87.0
.//content/gdrive/MyDrive/Test1/DATA/SATURATION/0deg_LED_saturation/116.1/20220426_152944.png,116.1
.//content/gdrive/MyDrive/Test1/DATA/SATURATION/0deg_LED_saturation/75.45/20220512_131914.png,75.45
.//content/gdrive/MyDrive/Test1/DATA/SATURATION/0deg_LED_saturation/127.9/20220426_133036.png,127.9
.//content/gdrive/MyDrive/Test1/DATA/SATURATION/0deg_LED_saturation/161.1/20220422_134326.png,161.1
.//content/gdrive/MyDrive/Test1/DATA/SATURATION/0deg_LED_saturation/183.2/20220421_134156.png,183.2
.//content/gdrive/MyDrive/Test1/DATA/SATURATION/0deg_LED_saturation/122.3/20220426_142556.png,122.3
.//content/gdrive/MyDrive/Test1/DATA/SATURATION/0deg_LED_saturation/22.2/20220519_230655.png,22.2
.//content/gdrive/MyDrive/Test1/DATA/SATURATION/0deg_LED_saturation/101.5/20220427_125345.png,101.5
.//content/gdrive/MyDrive/Test1/DATA/SATURATION/0deg_LED_saturation/29.6/20220519_161129.png,29.6
.//content/gdrive/MyDrive/Test1/DATA/SATURATION/0deg_LED_saturation/101.5/20220427_125354.png,101.5
.//content/gdrive/MyDrive/Test1/DATA/SATURATION/0deg_LED_saturation/137.95/20220425_140202.png,137.95
.//content/gdrive/MyDrive/Test1/DATA/SATURATION/0deg_LED_saturation/5.1/20220520_080752.png,5.1
.//content/gdrive/MyDrive/Test1/DATA/SATURATION/0deg_LED_saturation/44.5/20220517_144347.png,44.5
.//content/gdrive/MyDrive/Test1/DATA/SATURATION/0deg_LED_saturation/182.7/20220421_140143.png,182.7
.//content/gdrive/MyDrive/Test1/DATA/SATURATION/0deg_LED_saturation/63.6/20220513_101716.png,63.6
.//content/gdrive/MyDrive/Test1/DATA/SATURATION/0deg_LED_saturation/33.4/20220519_150413.png,33.4
.//content/gdrive/MyDrive/Test1/DATA/SATURATION/0deg_LED_saturation/106.8/20220427_112222.png,106.8
.//content/gdrive/MyDrive/Test1/DATA/SATURATION/0deg_LED_saturation/89/20220510_123218.png,89.0
.//content/gdrive/MyDrive/Test1/DATA/SATURATION/0deg_LED_saturation/93.4/20220427_145456.png,93.4
.//content/gdrive/MyDrive/Test1/DATA/SATURATION/0deg_LED_saturation/3.65/20220520_082617.png,3.65
.//content/gdrive/MyDrive/Test1/DATA/SATURATION/0deg_LED_saturation/48.95/20220517_114818.png,48.95
.//content/gdrive/MyDrive/Test1/DATA/SATURATION/0deg_LED_saturation/161.1/20220422_134309.png,161.1
.//content/gdrive/MyDrive/Test1/DATA/SATURATION/0deg_LED_saturation/68.3/20220512_151836.png,68.3
.//content/gdrive/MyDrive/Test1/DATA/SATURATION/0deg_LED_saturation/161.1/20220422_134857.png,161.1
.//content/gdrive/MyDrive/Test1/DATA/SATURATION/0deg_LED_saturation/85.1/20220510_133006.png,85.1
.//content/gdrive/MyDrive/Test1/DATA/SATURATION/0deg_LED_saturation/146.05/20220425_114753.png,146.05
.//content/gdrive/MyDrive/Test1/DATA/SATURATION/0deg_LED_saturation/71/20220512_142742.png,71.0
.//content/gdrive/MyDrive/Test1/DATA/SATURATION/0deg_LED_saturation/110.5/20220427_102021.png,110.5
.//content/gdrive/MyDrive/Test1/DATA/SATURATION/0deg_LED_saturation/48.95/20220517_114802.png,48.95
.//content/gdrive/MyDrive/Test1/DATA/SATURATION/0deg_LED_saturation/61.3/20220513_105319.png,61.3
.//content/gdrive/MyDrive/Test1/DATA/SATURATION/0deg_LED_saturation/174.1/20220421_154503.png,174.1
.//content/gdrive/MyDrive/Test1/DATA/SATURATION/0deg_LED_saturation/33.4/20220519_150344.png,33.4
.//content/gdrive/MyDrive/Test1/DATA/SATURATION/0deg_LED_saturation/162.2/20220422_113214.png,162.2
.//content/gdrive/MyDrive/Test1/DATA/SATURATION/0deg_LED_saturation/16.2/20220520_013537.png,16.2
.//content/gdrive/MyDrive/Test1/DATA/SATURATION/0deg_LED_saturation/83.25/20220510_144206.png,83.25
.//content/gdrive/MyDrive/Test1/DATA/SATURATION/0deg_LED_saturation/34.7/20220519_140316.png,34.7
.//content/gdrive/MyDrive/Test1/DATA/SATURATION/0deg_LED_saturation/78.6/20220512_115200.png,78.6
.//content/gdrive/MyDrive/Test1/DATA/SATURATION/0deg_LED_saturation/84.7/20220510_135837.png,84.7
.//content/gdrive/MyDrive/Test1/DATA/SATURATION/0deg_LED_saturation/16.9/20220519_201359.png,16.9
.//content/gdrive/MyDrive/Test1/DATA/SATURATION/0deg_LED_saturation/119.85/20220426_144024.png,119.85
.//content/gdrive/MyDrive/Test1/DATA/SATURATION/0deg_LED_saturation/89/20220510_123133.png,89.0
.//content/gdrive/MyDrive/Test1/DATA/SATURATION/0deg_LED_saturation/52.1/20220513_154443.png,52.1
.//content/gdrive/MyDrive/Test1/DATA/SATURATION/0deg_LED_saturation/94.2/20220427_143111.png,94.2
.//content/gdrive/MyDrive/Test1/DATA/SATURATION/0deg_LED_saturation/64.8/20220513_100333.png,64.8
.//content/gdrive/MyDrive/Test1/DATA/SATURATION/0deg_LED_saturation/177.5/20220421_150847.png,177.5
.//content/gdrive/MyDrive/Test1/DATA/SATURATION/0deg_LED_saturation/137/20220425_141253.png,137.0
.//content/gdrive/MyDrive/Test1/DATA/SATURATION/0deg_LED_saturation/137/20220425_141242.png,137.0
.//content/gdrive/MyDrive/Test1/DATA/SATURATION/0deg_LED_saturation/199.4/20220421_104613.png,199.4
.//content/gdrive/MyDrive/Test1/DATA/SATURATION/0deg_LED_saturation/119.85/20220426_144032.png,119.85
.//content/gdrive/MyDrive/Test1/DATA/SATURATION/0deg_LED_saturation/24.85/20220519_214650.png,24.85
.//content/gdrive/MyDrive/Test1/DATA/SATURATION/0deg_LED_saturation/73.3/20220512_133853.png,73.3
.//content/gdrive/MyDrive/Test1/DATA/SATURATION/0deg_LED_saturation/119.85/20220426_144058.png,119.85
.//content/gdrive/MyDrive/Test1/DATA/SATURATION/0deg_LED_saturation/110.5/20220427_101950.png,110.5
.//content/gdrive/MyDrive/Test1/DATA/SATURATION/0deg_LED_saturation/181.4/20220421_142715.png,181.4
.//content/gdrive/MyDrive/Test1/DATA/SATURATION/0deg_LED_saturation/53.05/20220513_152750.png,53.05
.//content/gdrive/MyDrive/Test1/DATA/SATURATION/0deg_LED_saturation/91.3/20220427_152723.png,91.3
.//content/gdrive/MyDrive/Test1/DATA/SATURATION/0deg_LED_saturation/94.2/20220427_143120.png,94.2
.//content/gdrive/MyDrive/Test1/DATA/SATURATION/0deg_LED_saturation/178.8/20220421_145540.png,178.8
.//content/gdrive/MyDrive/Test1/DATA/SATURATION/0deg_LED_saturation/61.3/20220513_105332.png,61.3
.//content/gdrive/MyDrive/Test1/DATA/SATURATION/0deg_LED_saturation/174.1/20220421_154453.png,174.1
.//content/gdrive/MyDrive/Test1/DATA/SATURATION/0deg_LED_saturation/28.4/20220519_190423.png,28.4
.//content/gdrive/MyDrive/Test1/DATA/SATURATION/0deg_LED_saturation/135.7/20220425_142532.png,135.7
.//content/gdrive/MyDrive/Test1/DATA/SATURATION/0deg_LED_saturation/74.45/20220512_132824.png,74.45
.//content/gdrive/MyDrive/Test1/DATA/SATURATION/0deg_LED_saturation/123.9/20220426_141623.png,123.9
.//content/gdrive/MyDrive/Test1/DATA/SATURATION/0deg_LED_saturation/18.8/20220520_010844.png,18.8
.//content/gdrive/MyDrive/Test1/DATA/SATURATION/0deg_LED_saturation/167/20220422_104132.png,167.0
.//content/gdrive/MyDrive/Test1/DATA/SATURATION/0deg_LED_saturation/61/20220513_110922.png,61.0
.//content/gdrive/MyDrive/Test1/DATA/SATURATION/0deg_LED_saturation/137/20220425_141218.png,137.0
.//content/gdrive/MyDrive/Test1/DATA/SATURATION/0deg_LED_saturation/24.85/20220519_214705.png,24.85
.//content/gdrive/MyDrive/Test1/DATA/SATURATION/0deg_LED_saturation/119.7/20220426_145627.png,119.7
.//content/gdrive/MyDrive/Test1/DATA/SATURATION/0deg_LED_saturation/199.4/20220421_104530.png,199.4
.//content/gdrive/MyDrive/Test1/DATA/SATURATION/0deg_LED_saturation/179.3/20220421_144233.png,179.3
.//content/gdrive/MyDrive/Test1/DATA/SATURATION/0deg_LED_saturation/158.4/20220422_142056.png,158.4
.//content/gdrive/MyDrive/Test1/DATA/SATURATION/0deg_LED_saturation/51.15/20220517_111515.png,51.15
.//content/gdrive/MyDrive/Test1/DATA/SATURATION/0deg_LED_saturation/29.6/20220519_161119.png,29.6
.//content/gdrive/MyDrive/Test1/DATA/SATURATION/0deg_LED_saturation/164.4/20220422_110158.png,164.4
.//content/gdrive/MyDrive/Test1/DATA/SATURATION/0deg_LED_saturation/188.1/20220421_124352.png,188.1
.//content/gdrive/MyDrive/Test1/DATA/SATURATION/0deg_LED_saturation/118/20220426_151358.png,118.0
.//content/gdrive/MyDrive/Test1/DATA/SATURATION/0deg_LED_saturation/74.45/20220512_132832.png,74.45
.//content/gdrive/MyDrive/Test1/DATA/SATURATION/0deg_LED_saturation/147.85/20220425_110704.png,147.85
.//content/gdrive/MyDrive/Test1/DATA/SATURATION/0deg_LED_saturation/83.25/20220510_144138.png,83.25
.//content/gdrive/MyDrive/Test1/DATA/SATURATION/0deg_LED_saturation/30.9/20220519_164157.png,30.9
.//content/gdrive/MyDrive/Test1/DATA/SATURATION/0deg_LED_saturation/94.2/20220427_143129.png,94.2
.//content/gdrive/MyDrive/Test1/DATA/SATURATION/0deg_LED_saturation/101.5/20220427_125401.png,101.5
.//content/gdrive/MyDrive/Test1/DATA/SATURATION/0deg_LED_saturation/66.25/20220512_153352.png,66.25
.//content/gdrive/MyDrive/Test1/DATA/SATURATION/0deg_LED_saturation/14.1/20220520_014729.png,14.1
.//content/gdrive/MyDrive/Test1/DATA/SATURATION/0deg_LED_saturation/78.6/20220512_115145.png,78.6
.//content/gdrive/MyDrive/Test1/DATA/SATURATION/0deg_LED_saturation/58.8/20220513_135521.png,58.8
.//content/gdrive/MyDrive/Test1/DATA/SATURATION/0deg_LED_saturation/133.2/20220425_144525.png,133.2
.//content/gdrive/MyDrive/Test1/DATA/SATURATION/0deg_LED_saturation/133.2/20220425_144600.png,133.2
.//content/gdrive/MyDrive/Test1/DATA/SATURATION/0deg_LED_saturation/76.95/20220512_124743.png,76.95
.//content/gdrive/MyDrive/Test1/DATA/SATURATION/0deg_LED_saturation/168/20220422_103141.png,168.0
.//content/gdrive/MyDrive/Test1/DATA/SATURATION/0deg_LED_saturation/78.6/20220512_115136.png,78.6
.//content/gdrive/MyDrive/Test1/DATA/SATURATION/0deg_LED_saturation/12.95/20220520_021703.png,12.95
.//content/gdrive/MyDrive/Test1/DATA/SATURATION/0deg_LED_saturation/67/20220512_152601.png,67.0
.//content/gdrive/MyDrive/Test1/DATA/SATURATION/0deg_LED_saturation/23.5/20220519_221042.png,23.5
.//content/gdrive/MyDrive/Test1/DATA/SATURATION/0deg_LED_saturation/98/20220427_133249.png,98.0
.//content/gdrive/MyDrive/Test1/DATA/SATURATION/0deg_LED_saturation/3.65/20220520_082634.png,3.65
.//content/gdrive/MyDrive/Test1/DATA/SATURATION/0deg_LED_saturation/8.1/20220520_064545.png,8.1
.//content/gdrive/MyDrive/Test1/DATA/SATURATION/0deg_LED_saturation/6.2/20220520_072351.png,6.2
.//content/gdrive/MyDrive/Test1/DATA/SATURATION/0deg_LED_saturation/63.6/20220513_101728.png,63.6
.//content/gdrive/MyDrive/Test1/DATA/SATURATION/0deg_LED_saturation/164.4/20220422_110223.png,164.4
.//content/gdrive/MyDrive/Test1/DATA/SATURATION/0deg_LED_saturation/68.3/20220512_151844.png,68.3
.//content/gdrive/MyDrive/Test1/DATA/SATURATION/0deg_LED_saturation/179.3/20220421_144206.png,179.3
.//content/gdrive/MyDrive/Test1/DATA/SATURATION/0deg_LED_saturation/109/20220427_104124.png,109.0
.//content/gdrive/MyDrive/Test1/DATA/SATURATION/0deg_LED_saturation/55.7/20220513_142033.png,55.7
.//content/gdrive/MyDrive/Test1/DATA/SATURATION/0deg_LED_saturation/88.4/20220510_124846.png,88.4
.//content/gdrive/MyDrive/Test1/DATA/SATURATION/0deg_LED_saturation/143.9/20220425_120232.png,143.9
.//content/gdrive/MyDrive/Test1/DATA/SATURATION/0deg_LED_saturation/130.2/20220425_152659.png,130.2
.//content/gdrive/MyDrive/Test1/DATA/SATURATION/0deg_LED_saturation/190.9/20220421_121140.png,190.9
.//content/gdrive/MyDrive/Test1/DATA/SATURATION/0deg_LED_saturation/51.15/20220517_111508.png,51.15
.//content/gdrive/MyDrive/Test1/DATA/SATURATION/0deg_LED_saturation/75.45/20220512_131922.png,75.45
.//content/gdrive/MyDrive/Test1/DATA/SATURATION/0deg_LED_saturation/135.7/20220425_142518.png,135.7
.//content/gdrive/MyDrive/Test1/DATA/SATURATION/0deg_LED_saturation/186/20220421_130001.png,186.0
.//content/gdrive/MyDrive/Test1/DATA/SATURATION/0deg_LED_saturation/106.8/20220427_112137.png,106.8
.//content/gdrive/MyDrive/Test1/DATA/SATURATION/0deg_LED_saturation/67/20220512_152618.png,67.0
.//content/gdrive/MyDrive/Test1/DATA/SATURATION/0deg_LED_saturation/160.1/20220422_135756.png,160.1
.//content/gdrive/MyDrive/Test1/DATA/SATURATION/0deg_LED_saturation/53.8/20220517_110335.png,53.8
.//content/gdrive/MyDrive/Test1/DATA/SATURATION/0deg_LED_saturation/44.5/20220517_144406.png,44.5
.//content/gdrive/MyDrive/Test1/DATA/SATURATION/0deg_LED_saturation/73.3/20220512_133847.png,73.3
.//content/gdrive/MyDrive/Test1/DATA/SATURATION/0deg_LED_saturation/165/20220422_105203.png,165.0
.//content/gdrive/MyDrive/Test1/DATA/SATURATION/0deg_LED_saturation/110.5/20220427_102009.png,110.5
.//content/gdrive/MyDrive/Test1/DATA/SATURATION/0deg_LED_saturation/196.5/20220421_112321.png,196.5
.//content/gdrive/MyDrive/Test1/DATA/SATURATION/0deg_LED_saturation/126.3/20220426_134534.png,126.3
.//content/gdrive/MyDrive/Test1/DATA/SATURATION/0deg_LED_saturation/71.55/20220512_144321.png,71.55
.//content/gdrive/MyDrive/Test1/DATA/SATURATION/0deg_LED_saturation/28.4/20220519_190408.png,28.4
.//content/gdrive/MyDrive/Test1/DATA/SATURATION/0deg_LED_saturation/6.2/20220520_072359.png,6.2
.//content/gdrive/MyDrive/Test1/DATA/SATURATION/0deg_LED_saturation/116.1/20220426_152929.png,116.1
.//content/gdrive/MyDrive/Test1/DATA/SATURATION/0deg_LED_saturation/174.1/20220421_154436.png,174.1
.//content/gdrive/MyDrive/Test1/DATA/SATURATION/0deg_LED_saturation/137.95/20220425_140153.png,137.95
.//content/gdrive/MyDrive/Test1/DATA/SATURATION/0deg_LED_saturation/112.5/20220427_100609.png,112.5
.//content/gdrive/MyDrive/Test1/DATA/SATURATION/0deg_LED_saturation/23.5/20220519_221016.png,23.5
.//content/gdrive/MyDrive/Test1/DATA/SATURATION/0deg_LED_saturation/71/20220512_142724.png,71.0
.//content/gdrive/MyDrive/Test1/DATA/SATURATION/0deg_LED_saturation/197.5/20220421_110509.png,197.5
.//content/gdrive/MyDrive/Test1/DATA/SATURATION/0deg_LED_saturation/61/20220513_110911.png,61.0
.//content/gdrive/MyDrive/Test1/DATA/SATURATION/0deg_LED_saturation/116.1/20220426_153015.png,116.1
.//content/gdrive/MyDrive/Test1/DATA/SATURATION/0deg_LED_saturation/109/20220427_104206.png,109.0
.//content/gdrive/MyDrive/Test1/DATA/SATURATION/0deg_LED_saturation/124.65/20220426_140443.png,124.65
.//content/gdrive/MyDrive/Test1/DATA/SATURATION/0deg_LED_saturation/11.2/20220520_025017.png,11.2
.//content/gdrive/MyDrive/Test1/DATA/SATURATION/0deg_LED_saturation/10.25/20220520_030205.png,10.25
.//content/gdrive/MyDrive/Test1/DATA/SATURATION/0deg_LED_saturation/36/20220519_135040.png,36.0
.//content/gdrive/MyDrive/Test1/DATA/SATURATION/0deg_LED_saturation/98/20220427_133239.png,98.0
.//content/gdrive/MyDrive/Test1/DATA/SATURATION/0deg_LED_saturation/33.4/20220519_150423.png,33.4
.//content/gdrive/MyDrive/Test1/DATA/SATURATION/0deg_LED_saturation/50.3/20220517_112702.png,50.3
.//content/gdrive/MyDrive/Test1/DATA/SATURATION/0deg_LED_saturation/139.1/20220425_134418.png,139.1
.//content/gdrive/MyDrive/Test1/DATA/SATURATION/0deg_LED_saturation/0/20220520_055943.png,0.0
.//content/gdrive/MyDrive/Test1/DATA/SATURATION/0deg_LED_saturation/43/20220517_150627.png,43.0
.//content/gdrive/MyDrive/Test1/DATA/SATURATION/0deg_LED_saturation/121.25/20220426_131104.png,121.25
.//content/gdrive/MyDrive/Test1/DATA/SATURATION/0deg_LED_saturation/38.5/20220519_104811.png,38.5
.//content/gdrive/MyDrive/Test1/DATA/SATURATION/0deg_LED_saturation/119.85/20220426_144041.png,119.85
.//content/gdrive/MyDrive/Test1/DATA/SATURATION/0deg_LED_saturation/130.2/20220425_152707.png,130.2
.//content/gdrive/MyDrive/Test1/DATA/SATURATION/0deg_LED_saturation/66.25/20220512_153344.png,66.25
.//content/gdrive/MyDrive/Test1/DATA/SATURATION/0deg_LED_saturation/76.95/20220512_124754.png,76.95
.//content/gdrive/MyDrive/Test1/DATA/SATURATION/0deg_LED_saturation/192.1/20220421_115858.png,192.1
.//content/gdrive/MyDrive/Test1/DATA/SATURATION/0deg_LED_saturation/64.8/20220513_100317.png,64.8
.//content/gdrive/MyDrive/Test1/DATA/SATURATION/0deg_LED_saturation/12.95/20220520_021733.png,12.95
.//content/gdrive/MyDrive/Test1/DATA/SATURATION/0deg_LED_saturation/67.75/20220512_135750.png,67.75
.//content/gdrive/MyDrive/Test1/DATA/SATURATION/0deg_LED_saturation/14.1/20220520_014738.png,14.1
.//content/gdrive/MyDrive/Test1/DATA/SATURATION/0deg_LED_saturation/64.8/20220513_100257.png,64.8
.//content/gdrive/MyDrive/Test1/DATA/SATURATION/0deg_LED_saturation/95.9/20220427_140636.png,95.9
.//content/gdrive/MyDrive/Test1/DATA/SATURATION/0deg_LED_saturation/46.6/20220517_142635.png,46.6
.//content/gdrive/MyDrive/Test1/DATA/SATURATION/0deg_LED_saturation/158.4/20220422_142119.png,158.4
.//content/gdrive/MyDrive/Test1/DATA/SATURATION/0deg_LED_saturation/143.9/20220425_120250.png,143.9
.//content/gdrive/MyDrive/Test1/DATA/SATURATION/0deg_LED_saturation/29.6/20220519_161107.png,29.6
.//content/gdrive/MyDrive/Test1/DATA/SATURATION/0deg_LED_saturation/12.05/20220520_023940.png,12.05
.//content/gdrive/MyDrive/Test1/DATA/SATURATION/0deg_LED_saturation/85.1/20220510_132956.png,85.1
.//content/gdrive/MyDrive/Test1/DATA/SATURATION/0deg_LED_saturation/97.25/20220427_134059.png,97.25
.//content/gdrive/MyDrive/Test1/DATA/SATURATION/0deg_LED_saturation/98/20220427_133308.png,98.0
.//content/gdrive/MyDrive/Test1/DATA/SATURATION/0deg_LED_saturation/47.5/20220517_141528.png,47.5
.//content/gdrive/MyDrive/Test1/DATA/SATURATION/0deg_LED_saturation/146.05/20220425_114721.png,146.05
.//content/gdrive/MyDrive/Test1/DATA/SATURATION/0deg_LED_saturation/18.8/20220520_010814.png,18.8
.//content/gdrive/MyDrive/Test1/DATA/SATURATION/0deg_LED_saturation/8.1/20220520_064555.png,8.1
.//content/gdrive/MyDrive/Test1/DATA/SATURATION/0deg_LED_saturation/23.5/20220519_221024.png,23.5
.//content/gdrive/MyDrive/Test1/DATA/SATURATION/0deg_LED_saturation/53.8/20220517_110323.png,53.8
.//content/gdrive/MyDrive/Test1/DATA/SATURATION/0deg_LED_saturation/8.1/20220520_064612.png,8.1
.//content/gdrive/MyDrive/Test1/DATA/SATURATION/0deg_LED_saturation/73.3/20220512_133819.png,73.3
.//content/gdrive/MyDrive/Test1/DATA/SATURATION/0deg_LED_saturation/178.8/20220421_145547.png,178.8
.//content/gdrive/MyDrive/Test1/DATA/SATURATION/0deg_LED_saturation/71.55/20220512_144301.png,71.55
.//content/gdrive/MyDrive/Test1/DATA/SATURATION/0deg_LED_saturation/46.6/20220517_142621.png,46.6
.//content/gdrive/MyDrive/Test1/DATA/SATURATION/0deg_LED_saturation/16.9/20220519_201410.png,16.9
.//content/gdrive/MyDrive/Test1/DATA/SATURATION/0deg_LED_saturation/41.6/20220517_152019.png,41.6
.//content/gdrive/MyDrive/Test1/DATA/SATURATION/0deg_LED_saturation/97.25/20220427_134127.png,97.25
.//content/gdrive/MyDrive/Test1/DATA/SATURATION/0deg_LED_saturation/165/20220422_105211.png,165.0
.//content/gdrive/MyDrive/Test1/DATA/SATURATION/0deg_LED_saturation/158.4/20220422_143045.png,158.4
.//content/gdrive/MyDrive/Test1/DATA/SATURATION/0deg_LED_saturation/195.5/20220421_113518.png,195.5
.//content/gdrive/MyDrive/Test1/DATA/SATURATION/0deg_LED_saturation/91.3/20220427_152654.png,91.3
.//content/gdrive/MyDrive/Test1/DATA/SATURATION/0deg_LED_saturation/24.4/20220519_205119.png,24.4
.//content/gdrive/MyDrive/Test1/DATA/SATURATION/0deg_LED_saturation/139.1/20220425_134401.png,139.1
.//content/gdrive/MyDrive/Test1/DATA/SATURATION/0deg_LED_saturation/81.85/20220512_103946.png,81.85
.//content/gdrive/MyDrive/Test1/DATA/SATURATION/0deg_LED_saturation/114.7/20220426_153829.png,114.7
